id,Title,Category,Author,Date,Deleted,Original URL,Archive URL,Alternative URL,Screenshot / Other Assets
1,发了哨子地人,I. 图片,iLoveXX,2020-03-10,,https://mp.weixin.qq.com/s/h1XrZyk8BmzaO0ArIZDvVw,http://archive.vn/Da1oy,,https://raw.githubusercontent.com/WhistleSender/WhistleSender/master/archive/1.jpg
2,《人物》被删文章：发哨子的人,A. 原文转载,江雨落澜,2020-03-10,,https://mp.weixin.qq.com/s/unmdEd7tN--frL88xAYScg,http://archive.vn/1LGNd,,https://raw.githubusercontent.com/WhistleSender/WhistleSender/master/archive/2.jpg
3,她的哨声，为何我们听不到？,A. 原文转载,芝麻升学,2020-03-10,,https://mp.weixin.qq.com/s/1skUMw1F5ZTAfdqEJdh15Q,http://archive.vn/qmmbS,,https://raw.githubusercontent.com/WhistleSender/WhistleSender/master/archive/3.jpg
4,Fā shàozi de rén,M. 拼音,庞各庄通讯,2020-03-11,Deleted,https://mp.weixin.qq.com/s/qlvzligkS4rWjwNO5IhjfA,http://archive.vn/OW1Ax,,https://raw.githubusercontent.com/WhistleSender/WhistleSender/master/archive/4.jpg
5,发哨子的人,A. 原文转载,译者秦传安,2020-03-10,,http://mp.digbo.org/kancn002?sn=5693bff67750af114ca0da4927e1422a53d7cb53&from=timeline&isappinstalled=0,http://archive.vn/ERCQA,,https://raw.githubusercontent.com/WhistleSender/WhistleSender/master/archive/5.jpg
6,持续接力：《发哨子的人》德文版,D. 其他语言,无隅,2020-03-11,Deleted,https://mp.weixin.qq.com/s/4SZLcPrKkXcC-1VPscWByQ,http://archive.vn/yeFWl,,https://raw.githubusercontent.com/WhistleSender/WhistleSender/master/archive/6.jpg
7,篆文|立一座墓给消失的“哨声”,B. 古文字/古汉语,非虚构写作,2020-03-11,Deleted,https://mp.weixin.qq.com/s/9cQeMvGsR1LsaS8sdtjUAQ,http://archive.vn/AoWPa,,https://raw.githubusercontent.com/WhistleSender/WhistleSender/master/archive/7.jpg
8,发文哨本子纵的排人,J. 变换版式,查下山众,2020-03-11,Deleted,https://mp.weixin.qq.com/s/8mHICOT7Wg0VuspteASuFw,http://archive.vn/q9twy,,https://raw.githubusercontent.com/WhistleSender/WhistleSender/master/archive/8.jpg
9,“新冠派”之外的“吹哨派”,E. 火星文/颜文字,上海艺平台,2020-03-11,Deleted,https://mp.weixin.qq.com/s/zuIDIId84CBgRBAX4S5TBg,http://archive.vn/f7pgU,,https://raw.githubusercontent.com/WhistleSender/WhistleSender/master/archive/9.jpg
10,fā shào zǐ de rén,M. 拼音,吴主任,2020-03-11,Deleted,https://mp.weixin.qq.com/s/5jjh7rsqArT4yTVSO-ST_g,http://archive.vn/RFdFS,,https://raw.githubusercontent.com/WhistleSender/WhistleSender/master/archive/10.jpg
11,fā shào zi de rén,M. 拼音,鸣叨,2020-03-11,Deleted,,,,https://raw.githubusercontent.com/WhistleSender/WhistleSender/master/archive/11.jpg
12,人的子哨发：章文删被《物人》,K. 变换语序,不饰,2020-03-11,Deleted,https://mp.weixin.qq.com/s/h4LsomicfgtVQEfdBGwc7g,http://archive.ph/rfs1y,,
13,网络安全（百度百科）,I. 图片,,2020-03-11,Deleted,,,,https://raw.githubusercontent.com/WhistleSender/WhistleSender/master/archive/13.jpg
14,发嫂子的人,I. 图片,媒联社,,Deleted,,,,https://raw.githubusercontent.com/WhistleSender/WhistleSender/master/archive/14.jpg
15,接力| 语音版哨子,H. 语音,妈妈笑纳,2020-03-11,Deleted,https://mp.weixin.qq.com/s/ep2pejeFL8CzyEwK0ZxoCA,http://archive.vn/RNHtv,,https://raw.githubusercontent.com/WhistleSender/WhistleSender/master/archive/15.jpg
16,发叫叫勒人,C. 方言,bluefloyd,2020-03-11,Deleted,https://mp.weixin.qq.com/s/K89KpYujeAUYjQ6rMsRcQQ,http://archive.vn/2qkkg,,https://raw.githubusercontent.com/WhistleSender/WhistleSender/master/archive/16.jpg
17,接力《发哨子的人》英文版,D. 其他语言,戈戈点啊,2020-03-11,,https://mp.weixin.qq.com/s/cG9oP6VlT2GiyARfFYMyfA,http://archive.vn/MjMmD,,https://raw.githubusercontent.com/WhistleSender/WhistleSender/master/archive/17.jpg
18,早知道有今天，我管他批评不批评我，老子到处说！,I. 图片,读客,2020-03-10,Deleted,https://mp.weixin.qq.com/s/vXjPMuHt6bKZFDMb28xQxg,http://archive.vn/zcn5B,,https://raw.githubusercontent.com/WhistleSender/WhistleSender/master/archive/18.jpg
19,“必须要有不同的声音”,J. 变换版式,trust,2020-03-11,Deleted,https://mp.weixin.qq.com/s/PPIe2PDv8KMlGLA4hXU5Vw,http://archive.vn/SfBrc,,https://raw.githubusercontent.com/WhistleSender/WhistleSender/master/archive/19.jpg
20,接力继续吧，别让她的哨声停下,A. 原文转载,"南窗青年 ",2020-03-11,,https://mp.weixin.qq.com/s/RnBXPE5Oz0qRjm5QLKqoFw,http://archive.vn/p3hzF,,https://raw.githubusercontent.com/WhistleSender/WhistleSender/master/archive/20.jpg
21,《吹哨子的人》-16进制编码版,F. 编码,精神病人欢乐多,2020-03-11,Deleted,https://mp.weixin.qq.com/s/cstlXiNuqctVjTY9TKXf-g,http://archive.vn/NJLLg,,https://raw.githubusercontent.com/WhistleSender/WhistleSender/master/archive/21.jpg
22,所以暂时将你眼睛闭了起来,J. 变换版式,在武漢,2020-03-10,Deleted,https://mp.weixin.qq.com/s/g-SNfcjRDK2200Ztwi9AsQ,http://archive.vn/CoYrg,,https://raw.githubusercontent.com/WhistleSender/WhistleSender/master/archive/22.jpg
23,哨,L. 白色字体,像素笔记,2020-03-11,Deleted,https://mp.weixin.qq.com/s/fbkPkDthN5GSJxWqL5TL5g,https://web.archive.org/web/20200311055501/https://mp.weixin.qq.com/s/fbkPkDthN5GSJxWqL5TL5g,,
24,哨,L. 白色字体,杰瑞少年,2020-03-11,,https://mp.weixin.qq.com/s/v9ApgPfbkJ4eRFsIDrj2vg,http://archive.ph/3OVxt,,https://raw.githubusercontent.com/WhistleSender/WhistleSender/master/archive/24.jpg
25,哨发的子人 金文版,B. 古文字/古汉语,鱼果丶,2020-03-11,Deleted,https://mp.weixin.qq.com/s/F3geuMnlaW9HO9ry55PAdw,http://archive.vn/id9dx,,https://raw.githubusercontent.com/WhistleSender/WhistleSender/master/archive/25.jpg
26,艾芬：失声的哨子,A. 原文转载,去丧素,2020-03-11,Deleted,https://mp.weixin.qq.com/s/QEFv0TBH37dNT-c72fBxew,http://archive.vn/eEXjt,,https://raw.githubusercontent.com/WhistleSender/WhistleSender/master/archive/26.jpg
27,人的子哨发：章文删被《物人》,K. 变换语序,最低还款额,2020-03-10,Deleted,https://mp.weixin.qq.com/s/59FHF4nuyv0saoLEyrcvwQ,https://archive.li/Amo2T,,https://raw.githubusercontent.com/WhistleSender/WhistleSender/master/archive/27.jpg
28,发哨 （天书版）,L. 白色字体,老井茶馆,2020-03-11,Deleted,https://mp.weixin.qq.com/s/cG6zDhOTtPJH61Synvk0Nw,https://archive.li/EpG84,,https://raw.githubusercontent.com/WhistleSender/WhistleSender/master/archive/28.jpg
29,漢字的革命——以復古為解放,B. 古文字/古汉语,醫史文獻研究,2020-03-11,Deleted,https://mp.weixin.qq.com/s/eZ3ijrhK1teBH71EfA0qAQ,https://archive.li/UdRAc,,https://raw.githubusercontent.com/WhistleSender/WhistleSender/master/archive/29.jpg
30,此文多次被删，接力转发，声援艾芬医生！,A. 原文转载,胜哥寮天,2020-03-11,,https://mp.weixin.qq.com/s/DSzQQ2pLdD9LF0Jq8uwMbg,https://archive.li/m7EPg,,https://raw.githubusercontent.com/WhistleSender/WhistleSender/master/archive/30.jpg
31,甲骨文接力哨,B. 古文字/古汉语,新古诗,2020-03-11,Deleted,https://mp.weixin.qq.com/s/HTyvacVLrZ34hIew-Osdbw,https://archive.li/BRoMB,,https://raw.githubusercontent.com/WhistleSender/WhistleSender/master/archive/31.jpg
32,接力转吧，别让她的哨声停下,A. 原文转载,人民路56号,2020-03-11,,https://mp.weixin.qq.com/s/6PhOMWBKQ9L9nrua8hnRnA,https://archive.li/ptWrU,,https://raw.githubusercontent.com/WhistleSender/WhistleSender/master/archive/32.jpg
33,文言文版：发叫子者,B. 古文字/古汉语,老君庵,2020-03-11,Deleted,https://mp.weixin.qq.com/s/kEKJ9vesL3P9Svqx3BuJHg,https://archive.li/ptWrU,,https://raw.githubusercontent.com/WhistleSender/WhistleSender/master/archive/33.jpg
34,人的子哨发,H. 语音,喜马拉雅,,Deleted,https://m.ximalaya.com/share/sound/265908218?shrdv=oZTIywIg0yGLw_pRZ9_GjE6zTsXM&shrh5=weixin&shrid=170c3e7198913779&shrdh=17&shrpid=KDP1T1SK0F1CP3VZL7K&openId=oZTIywIg0yGLw_pRZ9_GjE6zTsXM&from=singlemessage&isappinstalled=0,,,https://raw.githubusercontent.com/WhistleSender/WhistleSender/master/archive/34.jpg
35,发口哨の人,E. 火星文/颜文字,反神经,2020-03-10,Deleted,https://mp.weixin.qq.com/s/nzfTZN2dKRyGYQK98N1WgQ,http://archive.is/etAbI,,https://raw.githubusercontent.com/WhistleSender/WhistleSender/master/archive/35.jpg
36,她的哨音，我们为何听不到,A. 原文转载,文MO,2020-03-11,,https://mp.weixin.qq.com/s/Uf8e36K57X2zsX7-G47Igw,http://archive.vn/ewO3H,,https://raw.githubusercontent.com/WhistleSender/WhistleSender/master/archive/36.jpg
37,发哨子的人,I. 图片,Dr驴,2020-03-10,,https://mp.weixin.qq.com/s/6nEtfGRpmqa-wbz02ZsSxA,http://archive.vn/KIQBz,,https://raw.githubusercontent.com/WhistleSender/WhistleSender/master/archive/37.jpg
38,《发哨子的人》全文,A. 原文转载,人文思享,2020-03-11,,https://mp.weixin.qq.com/s/UDYjtk7f22gYBdANIVK9-w,http://archive.vn/rhBMk,,https://raw.githubusercontent.com/WhistleSender/WhistleSender/master/archive/38.jpg
39,吹雞嘅人,C. 方言,RILIVE,2020-03-11,Deleted,https://mp.weixin.qq.com/s/EuakBY_l9FDM7YAX2XSYfw,http://archive.vn/mOeFc,,https://raw.githubusercontent.com/WhistleSender/WhistleSender/master/archive/39.jpg
40,【日文版】发那个哨那个子的那个人，你懂的,D. 其他语言,旺喜,2020-03-11,Deleted,https://mp.weixin.qq.com/s/jPfGJ1KhPzkpF1MCrL8WoA,http://archive.vn/Xk9wz,,https://raw.githubusercontent.com/WhistleSender/WhistleSender/master/archive/40.jpg
41,《发哨人》-越南语版,D. 其他语言,双珺堂,2020-03-11,,https://mp.weixin.qq.com/s/ig7qoAzpTsTP7PnaTndJqg,http://archive.vn/HNWGH,,https://raw.githubusercontent.com/WhistleSender/WhistleSender/master/archive/41.jpg
42,帹劦：潑哨ふ哋亾,E. 火星文/颜文字,鹿铁南,2020-03-11,Deleted,https://mp.weixin.qq.com/s/KvHx-SqODxknuRntZvGqlQ,http://archive.vn/mjuQ1,,https://raw.githubusercontent.com/WhistleSender/WhistleSender/master/archive/42.jpg
43,接力：發哨孓啲亾,E. 火星文/颜文字,,2020-03-11,Deleted,https://mp.weixin.qq.com/s/RjlUtbFzHEvmecOEgw8wIw,,,
44,“发哨人”访谈录,A. 原文转载,有米医学,2020-03-11,,https://mp.weixin.qq.com/s/_P1RRoEV9MIwy-EFTX9JEg,http://archive.vn/QwUH2,,https://raw.githubusercontent.com/WhistleSender/WhistleSender/master/archive/44.jpg
45,發哨子的人,B. 古文字/古汉语,空瓶子,2020-03-11,,https://mp.weixin.qq.com/s/wPvt0f8yHNggQaH_4lg0jA,http://archive.vn/vlbWI,,https://raw.githubusercontent.com/WhistleSender/WhistleSender/master/archive/45.jpg
46,毛体哨子,G. 艺术,人类愚蠢精华,2020-03-11,Deleted,https://mp.weixin.qq.com/s/Wmrhpkl47YH93cEenpqY2w,http://archive.vn/vMoOH,,https://raw.githubusercontent.com/WhistleSender/WhistleSender/master/archive/46.jpg
47,甲骨文接力哨,B. 古文字/古汉语,莹莹微观,2020-03-11,Deleted,https://mp.weixin.qq.com/s/Z2G1g9dPIpC2Jf9vXFGl3w,,,
48,刚刚，甲骨文接力哨,B. 古文字/古汉语,桃源大师,2020-03-11,Deleted,,,,https://raw.githubusercontent.com/WhistleSender/WhistleSender/master/archive/48.jpg
49,要系我當初料到會咁，阿爷一定周街讲,C. 方言,海轲诗,2020-03-11,Deleted,https://mp.weixin.qq.com/s/0WpAbcXFstQ5MmP_O3CNDQ,,,https://raw.githubusercontent.com/WhistleSender/WhistleSender/master/archive/49.jpg
50,击鼓传哨：中文编码哪家强，出门左转找贰条！,F. 编码,贰条,2020-03-11,,https://mp.weixin.qq.com/s/t7nZcLDixbJwAOol1-oW5Q,http://archive.vn/lv1Yu,,https://raw.githubusercontent.com/WhistleSender/WhistleSender/master/archive/50.jpg
51,《人哨龡》,J. 变换版式,反動組織王二小醬油舖雜鈔本,2020-03-11,,https://mp.weixin.qq.com/s/IKxzLJM6M41JT1umIeC8QQ,http://archive.vn/8k6Lg,,https://raw.githubusercontent.com/WhistleSender/WhistleSender/master/archive/51.jpg
52,《发哨人》-韩文版,D. 其他语言,双珺堂,2020-03-11,,https://mp.weixin.qq.com/s/BPI70On9geiWn7QSVBRmdA,https://archive.is/KxUe8,,https://raw.githubusercontent.com/WhistleSender/WhistleSender/master/archive/52.jpg
53,散啸者 文言接力哨,B. 古文字/古汉语,张叔同,2020-03-11,Deleted,https://mp.weixin.qq.com/s/ITIDfunXDmbZWvUMmNtPnA,https://archive.is/dfGKn,,https://raw.githubusercontent.com/WhistleSender/WhistleSender/master/archive/53.jpg
54,阅前即存：发子哨的人,K. 变换语序,鸟笼复制,2020-03-11,,https://mp.weixin.qq.com/s/mxSqmFSBScYkLYVFFJQiUw,https://archive.is/Bffyb,,https://raw.githubusercontent.com/WhistleSender/WhistleSender/master/archive/54.jpg
55,发哨子的人,A. 原文转载,红歌会网,2020-03-10,,http://m.szhgh.com/show.php?classid=40&id=226293&dt_dapp=1,http://archive.vn/GyVok,,https://raw.githubusercontent.com/WhistleSender/WhistleSender/master/archive/55.jpg
56,术艺的子哨发,F. 编码,少年维持之烦恼,,Deleted,,,,https://raw.githubusercontent.com/WhistleSender/WhistleSender/master/archive/56.pdf
57,古籍版式欣賞 |《哨遍》,J. 变换版式,半烂斋杂记,2020-03-11,Deleted,https://mp.weixin.qq.com/s/kvCilVsTUwK70XmcA-Aruw,http://archive.vn/2uz5Z,,https://raw.githubusercontent.com/WhistleSender/WhistleSender/master/archive/57.jpg
58,Rage Against the Machine,G. 艺术,董冰峰,2020-03-11,Deleted,https://www.weibo.com/1684565025/Iy6DDwRuu,http://archive.vn/rbXPb,,https://raw.githubusercontent.com/WhistleSender/WhistleSender/master/archive/58.jpg
59,The Woman Who Gave Us the Whistle,I. 图片,XXLIN1987,2020-03-10,Deleted,https://mp.weixin.qq.com/s/GxkW6Y4e0IFWVErx0meq-A,https://archive.is/ul18o,,https://raw.githubusercontent.com/WhistleSender/WhistleSender/master/archive/59.jpg
60,發哨孓啲亾,E. 火星文/颜文字,荷戟周刊,2020-03-10,Deleted,https://mp.weixin.qq.com/s/1LqNyyiJQc7Z8P_atkC9Fw,https://archive.is/xydsy,,https://raw.githubusercontent.com/WhistleSender/WhistleSender/master/archive/60.jpg
61,哨人吹的子|二维码版,F. 编码,小强传播,2020-03-11,,https://mp.weixin.qq.com/s/QwBRPwvIH7Mt-eDcUqpwcA,http://archive.vn/50e3R,,https://raw.githubusercontent.com/WhistleSender/WhistleSender/master/archive/61.jpg
62,发哨人（精灵语+克林贡语版本）,D. 其他语言,TUCAO村,2020-03-11,Deleted,https://mp.weixin.qq.com/s/-2fXm_BMDR3GsUr5-eFPKg,http://archive.vn/8oh9B,,https://raw.githubusercontent.com/WhistleSender/WhistleSender/master/archive/62.jpg
63,404高地之古希伯来语משרוקית,D. 其他语言,看世界犄角旮旯,2020-03-11,,https://mp.weixin.qq.com/s/mr3Ye5TF7IgWK7R-HCkzmQ,http://archive.vn/nJufE,,https://raw.githubusercontent.com/WhistleSender/WhistleSender/master/archive/63.jpg
64,《人物》——发哨子的人,A. 原文转载,TIMES觀察,2020-03-10,Deleted,https://mp.weixin.qq.com/s/IOU-phBjqRGob2upXoLCZA,https://archive.is/9xbfR,,https://raw.githubusercontent.com/WhistleSender/WhistleSender/master/archive/64.jpg
65,《人物》被删文：发哨子的人,A. 原文转载,WHatplus,2020-03-10,Deleted,https://mp.weixin.qq.com/s?__biz=MzA5MjE2Mjc3MQ==&mid=2650621220&idx=1&sn=efdd3f71bc53b33ec94043adcdfb23bb&chksm=8878ba98bf0f338ea7116cc07a38eb5d14ab328e8d0e3bf5b1efd78263afb4fc531b8d5c9d63&mpshare=1&scene=1&srcid=&sharer_sharetime=1583821372722&sharer_shareid=5174badacfaa63411648fab1058ae482#rd,https://archive.is/4UfXI,,https://raw.githubusercontent.com/WhistleSender/WhistleSender/master/archive/65.jpg
66,发哨子---.--.-....-..人,F. 编码,地头摄,2020-03-11,Deleted,https://mp.weixin.qq.com/s/S8zwyz0k-eHMQ5MPps9qMA,https://telegra.ph/%E5%8F%91%E5%93%A8%E5%AD%90-------%E4%BA%BA-03-11,,https://raw.githubusercontent.com/WhistleSender/WhistleSender/master/archive/66.jpg
67,活着就是好的,F. 编码,地头摄,2020-03-11,,https://mp.weixin.qq.com/s/enBMXyJMbbGrqgby1JHPGg,http://archive.vn/FK6XW,,https://raw.githubusercontent.com/WhistleSender/WhistleSender/master/archive/67.jpg
68,「幸运」,F. 编码,地头摄,2020-03-11,,https://mp.weixin.qq.com/s/kXzArJO1xd9i3IUIu1-7XQ,http://archive.vn/TVafF,,https://raw.githubusercontent.com/WhistleSender/WhistleSender/master/archive/68.jpg
69,外围科室,F. 编码,地头摄,2020-03-11,,https://mp.weixin.qq.com/s/yRMQTpI10JEej-tSZiYWwA,http://archive.vn/RqIDq,,https://raw.githubusercontent.com/WhistleSender/WhistleSender/master/archive/69.jpg
70,不能达到的幸福,F. 编码,地头摄,2020-03-11,,https://mp.weixin.qq.com/s/hIChxFj1odH57iqIvtO0HA,http://archive.vn/6JPsl,,https://raw.githubusercontent.com/WhistleSender/WhistleSender/master/archive/70.jpg
71,发哨子的人：如果这些医生都能够得到及时的提醒，或许就不会有这一天,A. 原文转载,中国医院人文建设,2020-03-10,,https://www.yyrw.org.cn/e/action/ShowInfo.php?classid=5&id=2256&author_id=1127232&event_source=timeline&dt_dapp=1,http://archive.ph/QnogQ,https://www.weibo.com/2432195157/Iy7fQuOlL,https://raw.githubusercontent.com/WhistleSender/WhistleSender/master/archive/71.jpg
72,發銀雞嘅人,C. 方言,小狼紙,2020-03-11,,https://mp.weixin.qq.com/s/BlVC29aKfYsT-z2kWfQNlg,http://archive.ph/TToMz,,https://raw.githubusercontent.com/WhistleSender/WhistleSender/master/archive/72.jpg
73,图说汉字：《发口哨的人》你认识多少,E. 火星文/颜文字,字在语文,2020-03-11,Deleted,https://mp.weixin.qq.com/s/Zj3Bzh2MdgIlLb3TIKzZ3g,http://archive.vn/3BQqg,,https://raw.githubusercontent.com/WhistleSender/WhistleSender/master/archive/73.jpg
74,明码电报版：发嫂子的人,F. 编码,上海薛船长,2020-03-11,Deleted,https://mp.weixin.qq.com/s/loZZzfhG1AiU1WLyQ5uCUg,http://archive.ph/4gPva,,https://raw.githubusercontent.com/WhistleSender/WhistleSender/master/archive/74.jpg
75,发哨子的人,A. 原文转载,蒋先生丷,2020-03-11,,https://mp.weixin.qq.com/s/cHe1TwCp7lLKphIxVChebw,http://archive.is/ItEA8,,https://raw.githubusercontent.com/WhistleSender/WhistleSender/master/archive/75.jpg
76,仁心 | 艾芬：李文亮的哨子是我发的！,A. 原文转载,丝路玉带,2020-03-11,,https://mp.weixin.qq.com/s/jPGR5fhOpsR1SJfwqe9eIQ,http://archive.ph/WDHSR,,https://raw.githubusercontent.com/WhistleSender/WhistleSender/master/archive/76.jpg
77,接力《发哨子的人》法文版,D. 其他语言,七橘说,2020-03-11,,https://mp.weixin.qq.com/s/6sh5OQSsweMptbo7ELSO5w,http://archive.ph/kbIgP,,https://raw.githubusercontent.com/WhistleSender/WhistleSender/master/archive/77.jpg
78,接力哨 （条形码版）,F. 编码,返工,2020-03-11,,https://mp.weixin.qq.com/s/Z6Qdb4eWzsZ1_a3JP8etpA,http://archive.ph/rv6OM,,https://raw.githubusercontent.com/WhistleSender/WhistleSender/master/archive/78.jpg
79,jìu shì nà piān 《fā shào zǐ de rén》,M. 拼音,一吨夜草,2020-03-11,Deleted,https://mp.weixin.qq.com/s/wa_XAtyYdQ4-Yl520OlWRA,,,
80,fā kǒu shào de rén,M. 拼音,哔哔青年,2020-03-11,Deleted,,,,https://raw.githubusercontent.com/WhistleSender/WhistleSender/master/archive/80.jpg
81,拼音版！！！rén wù 被删文章《fā shào zǐ de rén 》,M. 拼音,凡星悟,2020-03-11,Deleted,https://mp.weixin.qq.com/s?__biz=MzIwNzEyMTQ2Mg==&mid=2649891993&idx=1&sn=7852d4e38b8bbdb0bfd5488d24a6ec14&chksm=8f11b9c0b86630d66901de7e6b87fb1becb1f7a63bbcfb97f2e5a6e315ecb2e7b0ff188fb5d1,http://archive.ph/N9ArP,,https://raw.githubusercontent.com/WhistleSender/WhistleSender/master/archive/81.jpg
82,畀哨嗰个人（粤语白话版）,C. 方言,莫狄骁的山房,2020-03-11,,https://mp.weixin.qq.com/s/DzLlGLCM4FtmwwDkOR-Q7Q,http://archive.ph/Ren5z,,https://raw.githubusercontent.com/WhistleSender/WhistleSender/master/archive/82.jpg
83,[四十日谈] 意大利文接力-Colei che distrubisce i fischi,D. 其他语言,WUXU,2020-03-11,,https://mp.weixin.qq.com/s/ngQgCfnmz8bI9tz3Y4G2hQ,http://archive.vn/qUEF4,,https://raw.githubusercontent.com/WhistleSender/WhistleSender/master/archive/83.jpg
84,《发哨子的人》图片版,I. 图片,重庆星球,2020-03-11,,https://mp.weixin.qq.com/s/czRU0REibOm_rDNrTc0xHw,http://archive.vn/VMH38,,https://raw.githubusercontent.com/WhistleSender/WhistleSender/master/archive/84.jpg
85,哨子，音频版,H. 语音,我知道我什么都不知道,2020-03-11,Deleted,https://mp.weixin.qq.com/s/WspQsHXfcjLBMbAJBjM3mg,,,https://raw.githubusercontent.com/WhistleSender/WhistleSender/master/archive/85.jpg
86,发叫居的人,G. 艺术,章伯的疑似段,2020-03-11,Deleted,,,,https://raw.githubusercontent.com/WhistleSender/WhistleSender/master/archive/86.jpg
87,有声哨子,H. 语音,章北海的自然选择,2020-03-11,Deleted,https://mp.weixin.qq.com/s/8ujUhElGJGJnfoiKhpTVpQ,http://archive.ph/NNkrh,,https://raw.githubusercontent.com/WhistleSender/WhistleSender/master/archive/87.jpg
88,哨发人子的,A. 原文转载,中式没品笑话百科,2020-03-11,,https://mp.weixin.qq.com/s/uK2mfJJqeNMOsnD9lavYQw,http://archive.ph/bm6il,,https://raw.githubusercontent.com/WhistleSender/WhistleSender/master/archive/88.jpg
89,发哨子的人,I. 图片,浮蚁,2020-03-11,,https://mp.weixin.qq.com/s/DlXNRZnA7_Y7OFxUtpM5Mw,http://archive.vn/5BaWE,,https://raw.githubusercontent.com/WhistleSender/WhistleSender/master/archive/89.jpg
90,发哨子的人（汉语拼音版）,M. 拼音,远航轻课,2020-03-11,,https://mp.weixin.qq.com/s/cdZHCSZoloLa5XSabAfORA,http://archive.ph/4jFlE,,https://raw.githubusercontent.com/WhistleSender/WhistleSender/master/archive/90.jpg
91,发哨儿滴银—Dr. Ai’s story （东北话版/部分）,C. 方言,過客,2020-03-11,,https://d26g9c7mfuzstv.cloudfront.net/ipfs/QmcNeK24N1DE8RevEGtzkbLpDoFZmh6enKhovrWdTc6hfp/,http://archive.vn/XKYc8,,https://raw.githubusercontent.com/WhistleSender/WhistleSender/master/archive/91.jpg
92,发 □肖 人——DNA序列版,F. 编码,Spring雨,2020-03-11,,https://mp.weixin.qq.com/s/jJoJhORiYaP1UyvsLaxxOQ,http://archive.is/KGLkr,,https://raw.githubusercontent.com/WhistleSender/WhistleSender/master/archive/92.jpg
93,给_________的人,I. 图片,十和,2020-03-11,,https://mp.weixin.qq.com/s/yWhwhmEwc5MLzFxvBK_PzQ,http://archive.is/aj5JN,,https://raw.githubusercontent.com/WhistleSender/WhistleSender/master/archive/93.jpg
94,接力口肖,J. 变换版式,硝美丽,2020-03-11,,https://mp.weixin.qq.com/s/vNdhlAmVlE_b1c3lrAsiIQ,http://archive.ph/04gTk,,https://raw.githubusercontent.com/WhistleSender/WhistleSender/master/archive/94.jpg
95,发哨人 学习手语版,D. 其他语言,剧照,2020-03-11,,https://mp.weixin.qq.com/s/Y1u602XWnrDUHbayMwI1EA,http://archive.ph/eVA6H,,https://raw.githubusercontent.com/WhistleSender/WhistleSender/master/archive/95.jpg
96,哨子的Base64版,F. 编码,山脊上的小里脊,2020-03-11,,https://mp.weixin.qq.com/s/55R0tRlMMHr0NEeQWPZ_RA,http://archive.vn/F2NoJ,,https://raw.githubusercontent.com/WhistleSender/WhistleSender/master/archive/96.jpg
97,楚帛版,B. 古文字/古汉语,,2020-03-11,,,,,https://raw.githubusercontent.com/WhistleSender/WhistleSender/master/archive/97.pdf
98,删不尽的持存：毛笔手抄《哨子》文,G. 艺术,寓诸无竟,2020-03-11,,https://mp.weixin.qq.com/s/rKXJSv_4X7V0ukTo9YXnnQ,http://archive.vn/HDnBW,,https://raw.githubusercontent.com/WhistleSender/WhistleSender/master/archive/98.jpg
99,一次力量渺小的接力,G. 艺术,未出版摄影集,2020-03-11,,https://mp.weixin.qq.com/s/TvMBd9PlDObv9yEr9lhxMQ,http://archive.vn/voo4S,,https://raw.githubusercontent.com/WhistleSender/WhistleSender/master/archive/99.jpg
100,她的哨声，为何我们听不到？,A. 原文转载,笨鸟文摘,2020-03-11,,https://mp.weixin.qq.com/s/fvep_alRKPF6fgcxE5TCJA,http://archive.vn/uAWcl,,https://raw.githubusercontent.com/WhistleSender/WhistleSender/master/archive/100.jpg
101,当代艺术版《吹shao人》,G. 艺术,白辛苦,2020-03-11,,https://mp.weixin.qq.com/s/hWOOP5GVGVepaMzYcMEbGQ,http://archive.ph/VXGao,,https://raw.githubusercontent.com/WhistleSender/WhistleSender/master/archive/101.jpg
102,老！子！到！处！说！,I. 图片,S丅ARGAZER,2020-03-11,,https://mp.weixin.qq.com/s/WPQjc3dz-BqUeE2_BIL9-w,http://archive.vn/0gssW,,https://raw.githubusercontent.com/WhistleSender/WhistleSender/master/archive/102.jpg
103,接：吴侬软语口肖,C. 方言,花隼度假别墅,2020-03-11,,https://mp.weixin.qq.com/s/ySGt9KJwE6gJ3A3pPVdF1Q,http://archive.vn/AMkGK,,https://raw.githubusercontent.com/WhistleSender/WhistleSender/master/archive/103.jpg
104,星战预告视频4,G. 艺术,益康糯米,2020-03-10,,https://weibo.com/2159117550/IxZFS0oy0,,,https://raw.githubusercontent.com/WhistleSender/WhistleSender/master/archive/104.MP4
105,【哨子艺术】谁说艺术没有用了……,N. 合集,艺拉罐Artcan,2020-03-11,,https://mp.weixin.qq.com/s/lVpr1vgl2F2BmGlLHLGM-Q,http://archive.ph/f9x1G,,https://raw.githubusercontent.com/WhistleSender/WhistleSender/master/archive/105.jpg
106,嫂子大全,N. 合集,"文艺家园 ",2020-03-11,Deleted,https://mp.weixin.qq.com/s/M24JDBAfEQEcvfN5Cf6n4A,http://archive.vn/PtyBD,,https://raw.githubusercontent.com/WhistleSender/WhistleSender/master/archive/106.jpg
107,版 夲 學,N. 合集,吴二棒棒糖,2020-03-11,Deleted,https://mp.weixin.qq.com/s/Yyu8VIXHK3dsHqMMZuIDUQ,http://archive.ph/ye3d1,,https://raw.githubusercontent.com/WhistleSender/WhistleSender/master/archive/107.jpg
108,接力转发，我们也是一份子（合集与原文）,N. 合集,Young Light,2020-03-11,Deleted,https://mp.weixin.qq.com/s/JrnZ8ey9jVjnXn0U_8WMqQ,http://archive.ph/yufmb,,https://raw.githubusercontent.com/WhistleSender/WhistleSender/master/archive/108.jpg
109,哨遍·人心接力,N. 合集,一二人之心,2020-03-11,Deleted,https://mp.weixin.qq.com/s/qdtDKTz1rcXzST4s-TItOg,http://archive.ph/SzMaC,,https://raw.githubusercontent.com/WhistleSender/WhistleSender/master/archive/109.jpg
110,哨文 版本图鉴,N. 合集,,2020-03-11,Deleted,https://shimo.im/docs/XdQxHQtXJHqYww8w/,http://archive.ph/tHNCQ,https://shimo.im/docs/yTdp9p3QXRPpdRK6/,https://raw.githubusercontent.com/WhistleSender/WhistleSender/master/archive/110.jpg
111,Dr. Ai’s story 各版本整合,N. 合集,,2020-03-11,,https://www.notion.so/Dr-Ai-s-story-0a48e383c0414b789979e63d7d749584,http://archive.ph/nrPyG,,https://raw.githubusercontent.com/WhistleSender/WhistleSender/master/archive/111.jpg
113,世说新语：掀起学习各种语言文字的热潮,N. 合集,后现代邮报,2020-03-11,,https://mp.weixin.qq.com/s/LkMbWHB40f0vJFAGGgq0NA,http://archive.ph/dRRIC,,https://raw.githubusercontent.com/WhistleSender/WhistleSender/master/archive/113.jpg
114,人民的艺术：记录33个版本,N. 合集,在项脊轩,2020-03-11,,https://mp.weixin.qq.com/s/ovPd-xhmLMBQfIfuJUSYkw,http://archive.ph/b9R5a,,https://raw.githubusercontent.com/WhistleSender/WhistleSender/master/archive/114.jpg
115,今天是微信公号诞生以来最荒谬的一天,N. 合集,廖信忠,2020-03-11,,https://mp.weixin.qq.com/s/roTg_r57btmPD_vXa21Izg,http://archive.ph/y7QfF,,https://raw.githubusercontent.com/WhistleSender/WhistleSender/master/archive/115.jpg
116,接哨赛,N. 合集,,2020-03-11,,https://drive.google.com/drive/folders/13VYDD2H75x8ahge0vw_g50grJAhkG2kX,http://archive.ph/dsNBp,,
117,大型行为艺术——《发哨子的人》奇妙版本大全,N. 合集,,2020-03-11,,https://2049bbs.xyz/t/3404,http://archive.ph/btz2j,,
118,FASHAOZIDEREN,H. 语音,,2020-03-11,,,,,https://raw.githubusercontent.com/WhistleSender/WhistleSender/master/archive/118.mp3
119,“发哨人”引发的中国网络奇观,N. 合集,,2020-03-11,,https://matters.news/@dhq010/发哨人-引发的中国网络奇观-bafyreidrfzugtimb5hsbnbdzoxlc2fpqigkgqnehwklbwre2ut5l2jrjda,http://archive.ph/DrGVB,,
120,這個世界必須要有不同的聲音·閩南語版,C. 方言,乘海书屋,2020-03-11,,https://mp.weixin.qq.com/s/StVbaLZnEfXgbJxNEXwivg,http://archive.vn/bqjqv,,
121,法叫居的冷,H. 语音,催叫居,2020-03-11,,https://m.lizhi.fm/vod/158177134/2793219656870340102?u=5099058973641555500&from=singlemessage&isappinstalled=0,http://archive.vn/P9ifT,,
122,祝白衣天使们，国际劳动妇女节快乐！,O. 评论及其他,急诊向日葵艾芬,2020-03-08,,https://weibo.com/2662574464/IxyZq5Gjk,http://archive.ph/FkCVu,,
123,铭记，也是一种抵抗,O. 评论及其他,思维补丁,2020-03-10,,https://mp.weixin.qq.com/s/zosOVMtEdg0MtFMqbnb4tg,http://archive.vn/HMSjj,,
124,“404”本纪→史记歪传,O. 评论及其他,尘埃在心不在眼,2020-03-11,,https://mp.weixin.qq.com/s/idF7uLJ7ByMlwoU9SyNQpg,http://archive.vn/wGVzC,,
125,404大厦,O. 评论及其他,摩耶夫人,2020-03-11,Deleted,https://mp.weixin.qq.com/s/6V5E3hIND05PA9Tam4kvgg,https://archive.is/IItrC,https://raw.githubusercontent.com/Terminus2049/Terminus2049.github.io/master/_posts/2020-03-11-404-building.md,
126,这届网友，特么就这样顽强,O. 评论及其他,民言民语,2020-03-11,Deleted,https://mp.weixin.qq.com/s/i4qy6r3Awz45xGI-gRIpWA,https://archive.li/3z3dl,,
127,捉哨人,O. 评论及其他,苔原,2020-03-11,,https://mp.weixin.qq.com/s/vvYxpx2e4B1_T8gAkkKFGQ,http://archive.vn/50V9z,,
128,为女医生素描,O. 评论及其他,丁东小群,2020-03-11,,https://mp.weixin.qq.com/s/rLplD3s9UTXlPxIBZSsGCQ,https://archive.is/7StX2,,
129,中国，你的哨子丢了,O. 评论及其他,孙旭阳,2020-03-11,Deleted,https://mp.weixin.qq.com/s/PrDPGh9QOlylouQB0vhG1w,https://archive.is/lB1tu,,
130,你其实不必删稿，总会有人捡起哨子,O. 评论及其他,SPARK人生一刻,2020-03-11,,https://mp.weixin.qq.com/s/UBEwQud96xdw6pEafUDikA,https://archive.is/NocQq,,
131,救人者道歉,O. 评论及其他,三人石,2020-03-11,,https://mp.weixin.qq.com/s/dom-GAaCH0WPIGLbf9WyYA,https://archive.is/nncvh,,
132,____｜______,O. 评论及其他,盐与邮差,2020-03-11,,https://mp.weixin.qq.com/s/pcP5a_GeLdfBVjeAQRJFog,http://archive.vn/YqEnK,,
133,欥芣姠的哨 孑,O. 评论及其他,燃烧着,2020-03-11,,https://mp.weixin.qq.com/s/_5Y2ZZiJWDc7LlW_6_F0pg,http://archive.vn/y4hzE,,
134,朋友圈接力挽救《发哨人》的壮观和黑匣子的无耻,O. 评论及其他,人生并不砺志,2020-03-10,,https://mp.weixin.qq.com/s/hpthwCBlMOSR0Sbwtk7FdA,https://archive.is/SDapH,https://raw.githubusercontent.com/Terminus2049/Terminus2049.github.io/master/_posts/2020-03-11-jie-li-fa-shao-ren.md,
135,哨与权力,O. 评论及其他,洞想,2020-03-11,,https://mp.weixin.qq.com/s/H0_YmwBxbn65JVAE8fZCfA,http://archive.vn/IlaNv,,
136,留言版 ：发 的人,O. 评论及其他,人是最美的风景,2020-03-11,,https://mp.weixin.qq.com/s/5WyJWwuF5gdchBDoKxsUxA,http://archive.vn/qwhEz,,https://raw.githubusercontent.com/WhistleSender/WhistleSender/master/archive/136.jpg
137,只有人民能宽容人民，真话能宽容生命,O. 评论及其他,世风,2020-03-11,,https://mp.weixin.qq.com/s/437ne6Jxlif9hhxbH1KmbQ,http://archive.vn/sLQWG,,
138,生生不息的 “非主流”文字——论“非主流”文字设计及其未来,O. 评论及其他,學人Scholar,2020-03-11,,https://mp.weixin.qq.com/s/hyZw8fRHbpzQcOT2awDHbw,http://archive.vn/yyQFL,,
139,你要不要买个哨子？,O. 评论及其他,物质生活参考,2020-03-11,,https://mp.weixin.qq.com/s/zGs2msXmsEzQDnF4J93sYw,http://archive.ph/Ifbiv,,
140,我把《发XX的X》发上区块链了，永远无法删除,O. 评论及其他,星火NEWS,2020-03-11,,https://mp.weixin.qq.com/s/htbuWaakDq_4IX_L9XkxdA,http://archive.vn/0fn5y,,
141,今天网上出现“发哨人”被删文章各种语言和文字、符号版的帖子,O. 评论及其他,胡锡进,2020-03-11,,https://weibo.com/1989660417/Iy7Zu7pEx,http://archive.vn/WOFY7,,
142,接力,O. 评论及其他,人间摄像头,2020-03-11,,https://weibo.com/6569113430/Iy821jMgb,http://archive.ph/H1o5A,,
143,武汉方言八级：叫珠,O. 评论及其他,识趣说,2020-03-11,,https://mp.weixin.qq.com/s/lcFK491eC2rcp26YT71ygA,http://archive.vn/G5spq,,
144,瞎扎尔词典,O. 评论及其他,周玄毅,2020-03-11,,https://www.weibo.com/u/2501511785,http://archive.ph/QUCnE,,
145,江湖中有一个叫艾芬的嫂子,O. 评论及其他,一个有枪的人,2020-03-11,,https://mp.weixin.qq.com/s/Ht371lNP2q5oCkMMvH8Knw,http://archive.ph/wxMp6,,
146,fen shi,O. 评论及其他,王左中右,2020-03-11,,https://mp.weixin.qq.com/s/TIvMNTR9PadKL2LB3Br-1A,http://archive.ph/K1YHq,,
147,《发哨子的人》：反复遭删的武汉医生网文和习近平争夺眼球,O. 评论及其他,BBC,2020-03-11,,https://www.bbc.com/zhongwen/simp/chinese-news-51831652,http://archive.ph/R0sMG,,
148,盲文版,D. 其他语言,,2020-03-10,,,,,https://raw.githubusercontent.com/WhistleSender/WhistleSender/master/archive/148.jpg
151,小万工｜希望张文芬不会再被训诫,O. 评论及其他,小万工,2020-03-10,,https://mp.weixin.qq.com/s/D-Tr0-JnxIiZVk2hZXoaFA,http://archive.vn/yNIZT,,
152,讲一个故事，世界语版的,D. 其他语言,世界语（Esperanto）,2020-03-12,,https://mp.weixin.qq.com/s/qQYVJGq5rJ2CpBQJxifUBg,http://archive.vn/xTxMP,,
153,一座纪念碑,G. 艺术,inLight,2020-03-12,,https://mp.weixin.qq.com/s/N8aDk2TEldeRK_9wYeVP9A,http://archive.ph/NQb1A,,
154,发哨 ri（弹舌音）的人,C. 方言,湖北荆门话版,2020-03-11,,https://telegra.ph/发哨-ri弹舌音的人-03-11,http://archive.ph/SAwJY,,
155,404大厦,O. 评论及其他,人间说明书bot,2020-03-11,,,,,https://raw.githubusercontent.com/WhistleSender/WhistleSender/master/archive/155.jpg
156,删帖员的工作实录,O. 评论及其他,戏谈,2020-03-11,,https://mp.weixin.qq.com/s/6LQS3z2Kual0dQd5k40NLg,http://archive.ph/WP7Eb,,
157,52个版本，记录下网络时代的传播史,N. 合集,狮子到曼诺林,2020-03-12,,https://mp.weixin.qq.com/s/EUBzHTyZrHhFaNW2fAa3cw,http://archive.vn/ZtmR5,,
158,431 | 风格区块链,O. 评论及其他,意思意思,2020-03-12,,https://mp.weixin.qq.com/s/9AsXQqoWV1UWCmNWsE4A0A,http://archive.ph/ePYTn,,
159,大篆|庚子禁哨，祛瘟招魂帖,B. 古文字/古汉语,非虚构写作,2020-03-12,,https://mp.weixin.qq.com/s/6wbkXdlRNaYTTcvKoDT--g,http://archive.ph/hw6Bk,,
160,[中英双语]First Whistle-Blower of Covid-19新冠吹哨第一人,D. 其他语言,松蚁英语,2020-03-11,,https://mp.weixin.qq.com/s/2559Mr4wlRkTXCfDD7KZQA,http://archive.ph/kK6Se,,
161,《发哨子的人》土耳其语版 Islık Çalan Bir Kişi,D. 其他语言,,2020-03-11,,https://365proii-my.sharepoint.com/:w:/g/personal/sheauwen2014_alumni_edu_vn/ESAQW4BBWpxKkd1HaHTdJC8BA8uEHF1zjAaLMsl1hc-1yQ?rtime=c2Q2Q_7F10g,http://archive.ph/5J3LM,,
162,發叫子者傳,B. 古文字/古汉语,鱼果丶,2020-03-12,,https://mp.weixin.qq.com/s/Bi_mbIlVFfJOmU6UNx8OoQ,http://archive.vn/RFkDa,,
163,这应该是一次你我生平仅见的朋友圈大型集体行为艺术,N. 合集,凌辰说,2020-03-11,,https://mp.weixin.qq.com/s/8M9heZx3MiSwPLxSdFve7A,http://archive.vn/28BKN,,
164,打油诗《口哨》+附方方评论+《发口哨的人》,O. 评论及其他,学而不厌乐以忘忧,2020-03-12,,https://mp.weixin.qq.com/s/BB75LqBIPOE2KOHbXKSvrA,http://archive.vn/vMRjQ,,
165,请保护好发whistle的人,O. 评论及其他,1号档案馆,2020-03-10,,https://mp.weixin.qq.com/s/NWPV7SuOSBbJVsT7-23IaA,http://archive.vn/k3v8y,,
166,武汉发哨人艾芬,A. 原文转载,从心,2020-03-11,,https://mp.weixin.qq.com/s/k9KObXL0dFWclU8ByJiJqw,http://archive.vn/9hvWz,,
167,接力：那个发哨子的人曾被约谈,A. 原文转载,疯人e院,2020-03-11,,https://mp.weixin.qq.com/s/XkWhgK8rG2LiXEFiQOAz-w,http://archive.vn/yUQlV,,
168,湖北日报突然表扬艾芬 我有点适应 你呢？,O. 评论及其他,正中书院,2020-03-11,,https://mp.weixin.qq.com/s/uIiwjqa1zKQNCxH8-3B1Hw,http://archive.vn/bmPXX,,
169,艾芬： 应该加大对急诊科专业的投入,A. 原文转载,幸福优才心理,2020-03-11,,https://mp.weixin.qq.com/s/NvYfy8sLdj0srwpMBrHXsQ,http://archive.vn/cpuYE,,
170,“弱者的武器”和“隐藏的文本”,O. 评论及其他,单身者舞会,2020-03-11,,https://mp.weixin.qq.com/s/OXiAGSRfGBLSVQJfk15auA,http://archive.vn/dr9Zl,,
171,FA SHAO REN | 温州话版,C. 方言,一的树洞,2020-03-11,,https://mp.weixin.qq.com/s/92L1DfH6ye4x-EUQEx4X_g,http://archive.vn/ORuAG,,
172,全世界都在說一句中國話,D. 其他语言,司马文正,2020-03-12,,https://mp.weixin.qq.com/s/KMJ5subrLioiafutQQeYNw,http://archive.vn/BENUm,,
173,不消逝的口肖声｜梵文 希腊文 苏美尔文 腓尼基文 波斯文 希伯来文 僧伽罗文 苗文…,D. 其他语言,糟糕历史,2020-03-11,,https://mp.weixin.qq.com/s/3OGwJ2dPCo76rRtkndYk7w,http://archive.vn/VZwQX,,
174,发哨子的人,置顶,人物,2020-03-10,,https://mp.weixin.qq.com/s/nEy0jq5wjj-g6DQVZep1Wg,http://archive.vn/OLdHs,,
175,电影版“送口肖子的人”,G. 艺术,彦立有盐粒,2020-03-12,,https://m.weibo.cn/status/4481613989989278,http://archive.vn/K87Nh,,
176,《并不存在发口肖孑的入》,O. 评论及其他,蔡威了,2020-03-11,,https://m.weibo.cn/status/4481392844686976,http://archive.vn/9JNbW,,https://raw.githubusercontent.com/WhistleSender/WhistleSender/master/archive/176.jpg
177,永不消失的哨声,O. 评论及其他,活字文化,2020-03-12,,https://mp.weixin.qq.com/s/Hi4cyRuGzyOK9suoj9t4dA,http://archive.ph/RCwwv,,
178,小引 | 一部正在上演的，关于武汉的纪录片,O. 评论及其他,小引诗歌,2020-03-12,,https://mp.weixin.qq.com/s/MmsxEy38OxX-kqo94DyE_A,http://archive.ph/ElwAO,,
179,方方：一旦走到这一步，你还删得过来吗？（3月11日）,O. 评论及其他,二湘的十一维空间,2020-03-12,,https://mp.weixin.qq.com/s/wrNq_Fd5evzK1NV67j-d2A,http://archive.ph/GnjF0,,
180,蓝天野老师！ ​​​​,O. 评论及其他,孟大明白_,2020-03-12,,https://weibo.com/1690696460/Iyg1NhaKz,http://archive.ph/hksfr,,
181,哨:草书版,G. 艺术,回忆是水波中的容颜,2020-03-11,,https://mp.weixin.qq.com/s/2PtC-L7x6hwZD7s1LAJI_Q,http://archive.ph/XoO9S,,
182,西部世界新预告片来了,G. 艺术,益康糯米,2020-03-12,,https://weibo.com/2159117550/IybKqxqdf,,,https://raw.githubusercontent.com/WhistleSender/WhistleSender/master/archive/182.mp4
183,“发哨子”的武汉中心医院女医生：约谈打击非常大 整个人都垮了,A. 原文转载,ZONWE咱文,2020-03-10,,https://www.zonwe.com/t/36102,http://archive.ph/uSHQB,,
184,艾芬自述：早知道有今天，我管他批评不批评，我到处说！,A. 原文转载,时代新讯,2020-03-11,,https://mp.weixin.qq.com/s/wmRocxv_jFbEPsu5LBmWSA,http://archive.ph/0Ut7K,,
185,《人物》被删文章：发哨子的人,A. 原文转载,人性论,2020-03-11,,https://mp.weixin.qq.com/s/5POGEKn8l2dzc8p8iJ4gBQ,https://archive.li/FVuVM,,
186,《人物》被删专访：发哨子的人,A. 原文转载,五味雑谈,2020-03-12,,https://mp.weixin.qq.com/s/d9T1yKdqVJkEj2gCweycrQ,http://archive.ph/fHptq,,
187,人物丨发哨子的人,A. 原文转载,午马茶语,2020-03-12,,https://mp.weixin.qq.com/s/ajowubYEGAAwq7MCJwh0IA,https://archive.li/VlDTg,,
188,接力：那个发哨子的人曾被约谈,A. 原文转载,酒文观止,2020-03-11,,https://mp.weixin.qq.com/s/mTqRFcwl8ScdGch2vGRtog,http://archive.ph/kzSrA,,
189,接力转发，愿做其中一份子，你懂得（合集与原文）,N. 合集,创意宝安,2020-03-11,,https://mp.weixin.qq.com/s/HznOE5FNQzi5Tb8pon9QeA,http://archive.ph/yrcEX,,
190,接力，别让她的哨声停下,A. 原文转载,廖伟棠的春盏,2020-03-11,,https://mp.weixin.qq.com/s/0WfrcS4sZIT9FawDi-0W1Q,http://archive.ph/m84Kv,,
191,接力《发哨子的人》Stata版,F. 编码,Stata and Python数据分析,2020-03-12,,https://mp.weixin.qq.com/s/OQgZZ0hOFPNC8-dHlE0jKw,http://archive.ph/mmtoC,,
192,接力|传哨子的人,A. 原文转载,Procurase,2020-03-11,,https://mp.weixin.qq.com/s/OdojPRj5AM2EWhrNwsonyQ,http://archive.ph/no8pj,,
193,今夜接力赴死，且请算我一个！,N. 合集,逸庐夜画,2020-03-12,,https://mp.weixin.qq.com/s/dd21r7xECAN5helBcMTy3Q,http://archive.ph/Fq6Fs,,
194,接力支持真实的声音,I. 图片,爱修园,2020-03-11,,https://mp.weixin.qq.com/s/CPzzDcMheZEm1SR1721Vmg,http://archive.ph/SfLR8,,
195,接力：让哨声不停,A. 原文转载,王育琨频道,2020-03-12,,https://mp.weixin.qq.com/s/fMOV2EI0QGunzP-Pwihn1g,http://archive.ph/GtLF9,,
196,"接力转发,吹shao子",N. 合集,笔砚春秋,2020-03-12,,https://mp.weixin.qq.com/s/cBJqOD6ipydF7GITgSHuxQ,http://archive.ph/WKyUv,,
197,接力哨！不能上“嘴”吹那种,A. 原文转载,时代牛人,2020-03-12,,https://mp.weixin.qq.com/s/OgHd7ZV53JbRW7ibsnbpig,http://archive.ph/8wy6u,,
198,武汉，吹哨的英雄们,A. 原文转载,最发声,2020-03-12,,https://mp.weixin.qq.com/s/ToYIMF55gdd45Ks1nvnExA,http://archive.is/0vp0x,,
199,这是一篇很正经的文章,A. 原文转载,刺激行动,2020-03-12,,https://mp.weixin.qq.com/s/gw32XylcHgPs4VaMfBIPgQ,http://archive.is/n3qov,,
200,击鼓传哨：愿中国人摆脱冷气,A. 原文转载,望江路,2020-03-12,,https://mp.weixin.qq.com/s/QgDG2KOYLghMazDFATWPOQ,http://archive.is/Yp5Y9,,
201,Fa哨子的人,A. 原文转载,反测试者,2020-03-12,,https://mp.weixin.qq.com/s/EZ4w_uIcNdUCV0iZBjY1bg,http://archive.is/ItrKo,,
202,404高墙之下的反思（一）,A. 原文转载,以赛亚hugo,2020-03-12,,https://mp.weixin.qq.com/s/xCeNYEzLevpOw_Vglye65A,http://archive.is/qrtuf,,
203,武汉疫情真相：发哨人急诊主任-艾医生,A. 原文转载,法律这锅汤,2020-03-12,,https://mp.weixin.qq.com/s/Ows2vldAdOkQEfVQvghAoQ,http://archive.is/NZtSd,,
204,不是吹哨人，是那个「发哨子的人,A. 原文转载,飘动的蒲公英,2020-03-12,,https://mp.weixin.qq.com/s/bcpe5EGCnxUliMFgU7QsOw,http://archive.is/cz9gS,,
205,接力《发勺子的人》-文言文版,B. 古文字/古汉语,酒客言,2020-03-12,,https://mp.weixin.qq.com/s/LImF9J1UqChJBi05RaQMug,http://archive.is/XF92O,,
206,全网被删文章《发哨子的人》全文,A. 原文转载,墙外哔哔,2020-03-11,,https://mp.weixin.qq.com/s/-bURdcxAiLZ9AR6CrewIyg,http://archive.is/TgFpJ,,
207,《发哨子的人》全文 （简体汉字）,A. 原文转载,"长嘴就要说话 ",2020-03-12,,https://mp.weixin.qq.com/s/Y8fGK34FYfGlo07EXl8ulQ,http://archive.is/jWEPM,,
208,发|哨|子|的|人（网络接力）,A. 原文转载,成道总裁塾,2020-03-11,,https://mp.weixin.qq.com/s/Y33F0_5RvxiUwRCqN8a5jA,http://archive.is/Xrjsv,,
209,再删，老子到处去说！,A. 原文转载,抽屉,,Deleted,https://mp.weixin.qq.com/s/jPEQuokTxQUvoxyoiU9LyQ,,,
210,人物杂志《发哨子的人》被删全文,A. 原文转载,津边社,2020-03-11,,https://mp.weixin.qq.com/s/U1-3X0mi7aTOjt1ld1RRcw,http://archive.is/mH2js,,
211,给李文亮发哨子的人,A. 原文转载,东G善剑一俗,2020-03-12,,https://mp.weixin.qq.com/s/iccRrJiCQJkPbE6ymDxztQ,http://archive.is/RyFMh,,
212,接个力《发哨子的人》。,A. 原文转载,永不眠,2020-03-12,,https://mp.weixin.qq.com/s/yAkuDTXf960xuv2sd7P06g,http://archive.is/FMFAi,,
213,发哨子的医生,A. 原文转载,石牛山观天下,2020-03-12,,https://mp.weixin.qq.com/s/W1lF_omCWqa5FUdaluUYbA,http://archive.is/SBkMY,,
214,《发哨子的人》中英双语版完整全文,D. 其他语言,华基因,2020-03-12,,https://mp.weixin.qq.com/s/-C0bu4SXvmg24duTLKRP1g,http://archive.is/6sE0l,,
215,武汉《发哨子的人》全文,A. 原文转载,酸辣生活,2020-03-12,,https://mp.weixin.qq.com/s/heU55_MNG4h6D-AXmiygXg,http://archive.is/21WTU,,
216,双语｜《人物》被删专访：发哨子的人！,D. 其他语言,精彩英文演讲,2020-03-12,,https://mp.weixin.qq.com/s/KNPEq6FZpKYlYSexaqXy3A,http://archive.is/G26NU,,
217,永不消逝的哨声,D. 其他语言,多点正能量,2020-03-12,,https://mp.weixin.qq.com/s/jqT565wlSM2NxmABvg68qw,http://archive.is/34BUB,,
218,《记发叫子者二三事》,B. 古文字/古汉语,克思消音录,2020-03-11,,https://mp.weixin.qq.com/s/KZ2CvKa6Vlb5jcx08TkYyA,http://archive.is/V0hqj,,
219,哀叫叫子二十韻,O. 评论及其他,心灵诗学,2020-03-12,,https://mp.weixin.qq.com/s/S1Dxdk7UlXB76qH4AuZwww,http://archive.is/W2Wq0,,
220,【文言文版】發叫子者傳,B. 古文字/古汉语,肥皂泡宇宙,2020-03-11,,https://mp.weixin.qq.com/s/InnGTTvYUTNeQLF0DiwXuA,http://archive.is/LgWe1,,
221,发叫居居嘞人,C. 方言,阿格文语,2020-03-11,,https://mp.weixin.qq.com/s/fOHzJFWaOixrWt-GJgqfOQ,http://archive.is/1dAtM,,
222,发叫居的人(楚系文字版),B. 古文字/古汉语,WithoutGuarantee,2020-03-12,,https://mp.weixin.qq.com/s/NiWnrDUKaTw41_HTRFyfbw,http://archive.is/DFz5O,,
223,量力而行，出一个芭蕾版,G. 艺术,一心艺呓,2020-03-12,,https://mp.weixin.qq.com/s/7kIqdzPR96KReKhwVj9lOg,http://archive.ph/7SEoY,,
224,设计了一款字体[哀],O. 评论及其他,FamiliarPath,2020-03-12,,https://mp.weixin.qq.com/s/MrkAhC1gfdOrmyT_aadDcw,http://archive.ph/V6EcZ,,
225,史记 艾芬列传,O. 评论及其他,张叔同,2020-03-12,,https://mp.weixin.qq.com/s/5ZMiOYG4iPu4U0p2NIh_Fw,http://archive.ph/mlqK3,,
226,凛冬时节，抱团取暖！,O. 评论及其他,人是最美的风景,2020-03-12,,https://mp.weixin.qq.com/s/_hovliQJnQztcn_BOjHfFw,http://archive.vn/G1ICu,,
227,《發叫居的人》,I. 图片,你还欠我一场私奔,2020-03-11,,https://mp.weixin.qq.com/s/9cOoRSTDCyPh6F-xsdo81w,http://archive.ph/Rb7Hw,,
228,几声朗朗 / 吕科用武汉话朗读的文章《叫珠（哨子）》,H. 语音,儿童团长,2020-03-12,,https://mp.weixin.qq.com/s/_DayhOHtZdPH98jKtYww9Q,http://archive.ph/gPr6S,,
229,“发哨人”引发大战，中国人用创意接力反击,O. 评论及其他,六盘水小草音乐,2020-03-12,,https://mp.weixin.qq.com/s/JJgWpiinQ-k3g5U2PLUn6w,http://archive.ph/43rUT,,
230,接力：《我是发哨子的人》,A. 原文转载,老罗没从政,2020-03-11,,https://mp.weixin.qq.com/s/WHd4P5FaxTbYtyvMfqMoyQ,http://archive.ph/kZ59E,,
231,接力！《发哨子的人》全文,I. 图片,美创会,2020-03-13,,https://mp.weixin.qq.com/s/jzgKtnZVPyQIGxvk8EasQw,http://archive.ph/xOLmk,,
232,接力转发 发个哨子,I. 图片,听伊讲,2020-03-12,,https://mp.weixin.qq.com/s/iX1sDo_L9Is2kYU0DQTGRQ,http://archive.ph/LF5zH,,
233,2020年度第一流行语：“老子到处说” 一个表达式的社会语用学分析,O. 评论及其他,话语生态研究,2020-03-12,,https://mp.weixin.qq.com/s/pPM5iIKuisXsIlHsZMJMgA,http://archive.ph/ON4BM,,
234,建议编制《敏感词词典》，别让“老子到处说”,O. 评论及其他,CCVI数据微观点,2020-03-13,,https://mp.weixin.qq.com/s/hCLpjlIxut2MhuVYpwd35g,http://archive.ph/4KIQx,,
235,曾鸣歌词：老子要到处说,O. 评论及其他,戏剧传媒,2020-03-13,,https://mp.weixin.qq.com/s/XEpvB5HAbHXLhrksfkIlPg,http://archive.ph/un3fT,,
236,最新“毛体书法”《到处说帖》，绝了！,G. 艺术,书法入门,2020-03-13,,https://mp.weixin.qq.com/s/VXGu4CIsKh1sSwGGdwZasw,http://archive.ph/lJ15Z,,
237,"正式版到处说 ",G. 艺术,鲁大东与V,2020-03-11,,https://weibo.com/1506806840/Iy8TPpzBR,http://archive.ph/9X1T0,,
238,"想看一个蔡国强的烟花版，“老子到处说”五个大字徐徐升起，绽放在武汉的漆黑夜空中。 ",O. 评论及其他,李静睿的昨日世界,2020-03-11,,https://weibo.com/6629766915/Iy6YyqoRk,http://archive.ph/koD0W,,
239,科普&画展 | 救生哨的种类和用途,O. 评论及其他,在野登山队,2020-03-12,,https://mp.weixin.qq.com/s/GvqEqNAQX2pzWU_5g8ALGg,http://archive.ph/R4xru,,
240,「老子」到处说,A. 原文转载,第一女性,2020-03-12,,https://mp.weixin.qq.com/s/BCryM6BIKwhig2PbuTFizA,http://archive.ph/6YwFy,,
241,《人物》被删文章原版：我是发哨人,A. 原文转载,imath,2020-03-11,,https://mp.weixin.qq.com/s/9EJzNEBSKWAhMANHtKlrIQ,http://archive.ph/E4u63,,
242,发哨子的人 | 百家故事,I. 图片,小程序版,2020-03-11,,,,,https://raw.githubusercontent.com/WhistleSender/WhistleSender/master/archive/242.jpg
243,"哨นกหวีด ",D. 其他语言,泰国,2020-03-11,,,,,https://raw.githubusercontent.com/WhistleSender/WhistleSender/master/archive/243.jpg
244,《发哨子》的人全文复活版接力,A. 原文转载,明月何曾是两乡,2020-03-11,,,,,https://raw.githubusercontent.com/WhistleSender/WhistleSender/master/archive/244.jpg
245,发臊子的人,A. 原文转载,妇女之姷,2020-03-11,,,,,https://raw.githubusercontent.com/WhistleSender/WhistleSender/master/archive/245.jpg
246,毛体书法版,G. 艺术,,2020-03-11,,,,,https://raw.githubusercontent.com/WhistleSender/WhistleSender/master/archive/246.jpg
247,跟风,G. 艺术,鲁大东与V,2020-03-11,,https://weibo.com/1506806840/Iy7Kfr5qF,http://archive.ph/tqk6D,,
248,丰碑,G. 艺术,鲁大东与V,2020-03-11,,https://weibo.com/1506806840/Iy8vH3Esb,http://archive.ph/jJEV2,,
249,疫情结束后，『她』的三种归宿,O. 评论及其他,海上柳叶刀,2020-03-12,,https://mp.weixin.qq.com/s/x9u34LBHmfGDt5uEVeDUIw,http://archive.ph/wwyFC,,
250,删文转载接力：哨~~子~~,A. 原文转载,霄云路三十五号,2020-03-12,,https://mp.weixin.qq.com/s/lmkyRdEWndGmYH7QFHwSgA,http://archive.is/e4UG9,,
251,春风吹又生,A. 原文转载,徐巷歌,2020-03-12,,https://mp.weixin.qq.com/s/K0auptPXo32YDQQMsdtzvA,http://archive.is/5oewy,,
252,粤语接力：你系唔系吹鸡人？,C. 方言,友酒屋,2020-03-12,,https://mp.weixin.qq.com/s/dQUyDsiF9DCKM9v_PhQL-A,http://archive.is/w6SXi,,
253,了子哨吹以可,A. 原文转载,南方邮局,2020-03-12,,https://mp.weixin.qq.com/s/DFGqk_EUUw4DWQQ1fl1YdA,http://archive.is/8wdyD,,
254,接力转发吧，别让她的哨声停下来,A. 原文转载,宝忠求实论坛,2020-03-12,,https://mp.weixin.qq.com/s/6yExPAG0op-Oy-AiKFLPIg,http://archive.is/lkSLj,,
255,超人读报（3.12植树节-第368期）,A. 原文转载,超人读报,2020-03-12,,https://mp.weixin.qq.com/s/QoR6-mgu1YKbrxBxoQaO-Q,http://archive.is/XMSnl,,
256,在混乱之处植入秩序,O. 评论及其他,trust,2020-03-12,,https://mp.weixin.qq.com/s/9D-M1vU_iMG3GBeLlmawoQ,http://archive.is/uIPRy,,
257,叫子发给你了，请继续吹！,A. 原文转载,5A级风景区校园美景,2020-03-12,,https://mp.weixin.qq.com/s/79bos19qkzj5Cx4lEzeZFg,http://archive.is/vLuSf,,
258,我想听见哨声，不必沉默,A. 原文转载,瓶子里的星辰,2020-03-12,,https://mp.weixin.qq.com/s/1jCM4a3p19DTwnaabl-n-w,http://archive.is/wN9SW,,
259,chuishaoren.,A. 原文转载,liufenfang,2020-03-12,,https://mp.weixin.qq.com/s/oaQwKy29lMif5h4mM0ZqBw,http://archive.is/Wruii,,
260,人物被删文章|希望可以有文字自由的那天！,A. 原文转载,什么都不会,2020-03-12,,https://mp.weixin.qq.com/s/_WdZ66ypU018Nrt8-91qKg,http://archive.is/YwOjG,,
261,哑巴吃黄连,A. 原文转载,罗斯柴尔德,2020-03-12,,https://mp.weixin.qq.com/s/h_GeA2y6Noy2RFLgyryH4g,http://archive.is/A2kRU,,
262,一点微小的贡献,A. 原文转载,认真的瞎拍,2020-03-12,,https://mp.weixin.qq.com/s/s-XyOc7zqKSHISdEvFNeHg,http://archive.is/B1sWp,,
263,后知后觉的口哨「转载」,A. 原文转载,CodingPeasants,2020-03-12,,https://mp.weixin.qq.com/s/G4kU6LELoJrTQqIaN6o6Pw,http://archive.is/1ENlL,,
264,《发哨子的人》全文接力,A. 原文转载,老周看财报,2020-03-12,,https://mp.weixin.qq.com/s/6l7QBBpF1eAApimfWLRssA,http://archive.is/S0MbR,,
265,【转载】一个发哨子的人,A. 原文转载,草堂闲话,2020-03-12,,https://mp.weixin.qq.com/s/hDMGj6z4plC_QyThcG6l8g,http://archive.is/HeLZS,,
266,【转载】发哨子的人,A. 原文转载,走势终完美,2020-03-12,,https://mp.weixin.qq.com/s/dFCiqa6nCVeyKQX_LwKOEQ,http://archive.is/vsLNT,,
267,消失的报道,A. 原文转载,格林威治研究社,2020-03-12,,https://mp.weixin.qq.com/s/QpE7eeDF3XPeJamJqZSxOQ,http://archive.is/wvqOA,,
268,人物被删文章——接力,A. 原文转载,沐心心理,2020-03-12,,https://mp.weixin.qq.com/s/WGHEeVAG47Ah_5obJrtAZQ,http://archive.is/HJvN3,,
269,不是，是那个「」,A. 原文转载,严工,2020-03-12,,https://mp.weixin.qq.com/s/BLaoTMSQMdwzWXOrfw6MdA,http://archive.is/g3wn0,,
270,你们是在检验中国人民的血性,O. 评论及其他,菁读笔记,2020-03-12,,https://mp.weixin.qq.com/s/65SPU01SqNrE-juv7xWOlQ,http://archive.is/sPwzZ,,
271,《吹哨子的人》全文,A. 原文转载,女全姐姐,2020-03-12,,https://mp.weixin.qq.com/s/WuaPu0tSWGuQocNUkOV2OA,http://archive.is/qKcyB,,
272,接力，那个发哨子的人曾被约谈,A. 原文转载,受了点姗,2020-03-12,,https://mp.weixin.qq.com/s/DAJqTGwAIULhw3_ZzfUciQ,http://archive.is/FWUQ1,,
273,《人物》杂志：《发哨子的人》原文版,A. 原文转载,鼠标看世界,2020-03-12,,https://mp.weixin.qq.com/s/I7jGcrDdSfoafITffnZFxA,http://archive.is/4xAfG,,
274,转载《人物》404文章：发哨子的人,A. 原文转载,登上舞雩吹吹风,2020-03-12,,https://mp.weixin.qq.com/s/jsYkP5is0aRF5YV9NAdQJw,http://archive.is/oXBBz,,
275,思考|为何常相信愿意相信的,A. 原文转载,龙港教育人,2020-03-12,,https://mp.weixin.qq.com/s/Guqb0v7mzPKd30Y4IfSgNA,http://archive.is/Nyg0e,,
276,疫情快报：精彩分享——《发哨子的人》,A. 原文转载,烟条雨叶,2020-03-12,,https://mp.weixin.qq.com/s/ruxdFcQ3hESWVMYeiNRycQ,http://archive.is/b8WoT,,
277,接力无意义，意义即接力,A. 原文转载,小说是一束光,2020-03-12,,https://mp.weixin.qq.com/s/wN6RLQvaYp0vGTEYhS5_eQ,http://archive.is/nUWAS,,
278,她不是吹哨人，但她是发哨子的人,I. 图片,末言说,2020-03-12,,https://mp.weixin.qq.com/s/lmB-NUQzI90faXlXvrzRUQ,http://archive.is/jKix6,,
279,关于某篇人物报道的观察评析,O. 评论及其他,媒态度研究,2020-03-12,,https://mp.weixin.qq.com/s/k1q_Mv3bZZ_jngSJTIIJ9g,http://archive.is/IkXWL,,
280,「接力」《发哨子的人》全文,A. 原文转载,孙佳良的戏剧花园,2020-03-12,,https://mp.weixin.qq.com/s/AKRX1rEDd_-UrJtuVtXQEQ,http://archive.is/6VDlq,,
281,【英雄特刊】|发哨子的人,A. 原文转载,默言时代,2020-03-12,,https://mp.weixin.qq.com/s/jadAvXYSWaMrZIiGMvOKjQ,http://archive.is/HiiV4,,
282,发哨子人,A. 原文转载,万能的生涯规划,2020-03-12,,https://mp.weixin.qq.com/s/zR5c3kjATO-6mYvwFJzNTA,http://archive.is/R1D7m,,
283,《renwu》原文：发sao子的人,A. 原文转载,隔壁老陈醋,2020-03-12,,https://mp.weixin.qq.com/s/gxszWqKU9dAPUAMTQWhmIA,http://archive.ph/0Ic3x,,
284,接力继续吧，别让她的哨声停下,A. 原文转载,孙洁医师,2020-03-12,,https://mp.weixin.qq.com/s/ZqB88OWLD6FWHK5_f2yYWg,http://archive.is/bo0sy,,
285,我今天买了一本《鲁迅杂文集》,A. 原文转载,不冷知识,2020-03-12,,https://mp.weixin.qq.com/s/lzbPwB8ie0a4bwKP-3IMpA,http://archive.is/yW0Qw,,
286,404口肖,A. 原文转载,正德伍业,2020-03-12,,https://mp.weixin.qq.com/s/K6AbYO231fcjEWuMDEcISw,http://archive.is/i0mBL,,
287,怕什么？老子要到处说！,A. 原文转载,黄陂笑工厂,2020-03-12,,https://mp.weixin.qq.com/s/leWAcQsRqTuYkbLTVe7Euw,http://archive.is/6bHo5,,
288,原文：《发哨子的人》,A. 原文转载,大院新声,2020-03-12,,https://mp.weixin.qq.com/s/5xFRM-dkMNfE9jZqT5hTpA,http://archive.is/482oo,,
289,转载—武汉发哨人艾芬,A. 原文转载,e美颜选,2020-03-12,,https://mp.weixin.qq.com/s/xFqPDqHnIeitSEmCUWewUQ,http://archive.is/Qe3ak,,
290,發嫂子者,A. 原文转载,山野乱弹,2020-03-12,,https://mp.weixin.qq.com/s/gebty-thp3D0p8y9vD7Rrw,http://archive.is/py3Kh,,
291,发哨人！,A. 原文转载,周三周五,2020-03-12,,https://mp.weixin.qq.com/s/8-DeY2m3GInhxd1nxPVuQQ,http://archive.is/owoJA,,
292,疫情初期那个发哨子的人,A. 原文转载,清晨沐风,2020-03-12,,https://mp.weixin.qq.com/s/csAFlzFZNQ4GewuDKyJjSQ,http://archive.is/zfJUS,,
293,《发哨子的人》原文版,A. 原文转载,三象说,2020-03-12,,https://mp.weixin.qq.com/s/ED3R1oEpW6WHZ2nOd5qb_g,http://archive.is/9Cpvw,,
294,《发哨子的人》中英文版,D. 其他语言,亲子English,2020-03-12,,https://mp.weixin.qq.com/s/MU08USGspE4oonQFEjRtJQ,http://archive.is/VK5h9,,
295,转：《人物》被删文章：发哨子的人,A. 原文转载,内伤,2020-03-12,,https://mp.weixin.qq.com/s/SrQmaPY4mQUVANEc_zpAdA,http://archive.is/v7KSN,,
296,发烧的人～全文,A. 原文转载,小镇謦年,2020-03-12,,https://mp.weixin.qq.com/s/M31zfCbGtzsRf5Xk83VekA,http://archive.is/t2qRp,,
297,声音也是一种力量,I. 图片,无字天书刀,2020-03-11,,https://mp.weixin.qq.com/s/Xw7WZfy0sVK7J9jaBgNoZw,http://archive.is/DI610,,
298,早知道有今天，我管他批评不批评我，老子到处说！,I. 图片,中银通,2020-03-11,,https://mp.weixin.qq.com/s/6ZuJ85vTvFM3nT2pGm-QXg,http://archive.is/pRMOD,,
299,卫健委是否瞒报被感染医生护士？湖北女医生不该被遗忘,O. 评论及其他,章北海,2020-03-11,,https://mp.weixin.qq.com/s/9KVXa6qwVV0POUA5e4ciJw,http://archive.is/SvekG,,
300,发哨子的人,A. 原文转载,新真实说,2020-03-11,,https://mp.weixin.qq.com/s/UrcQUiqXIxe-tdOU2IZf7w,http://archive.is/nMsNf,,
301,我很好，也会越来越好,O. 评论及其他,最低还款额,2020-03-12,,https://mp.weixin.qq.com/s/nV2fsQUEQuPOeLWAPR6iFw,http://archive.is/sfPUn,,
302,接力，别让她的哨声停下！,A. 原文转载,朗朗而苟,2020-03-12,,https://mp.weixin.qq.com/s/caUa17NiyVCezsh38rgi6g,http://archive.is/2Cvu1,,
303,“不起眼”的正义、真相和良知，有什么可删的？！,A. 原文转载,巴黎豹豹,2020-03-12,,https://mp.weixin.qq.com/s/U-nXyVzmFPHK50vDXexVrQ,http://archive.is/CZa5F,,
304,真正发哨子的人,A. 原文转载,文学长安,2020-03-12,,https://mp.weixin.qq.com/s/KApMvRkKtJDQeoHKzuxEKA,http://archive.is/kXcPw,,
305,请保护好发whistle的人,O. 评论及其他,1号档案馆,2020-03-10,,https://mp.weixin.qq.com/s/NWPV7SuOSBbJVsT7-23IaA,http://archive.is/k3v8y,,
306,那声“老子”被删！情绪被烧起来，404也挡不住,N. 合集,梦莲姐,2020-03-12,,https://mp.weixin.qq.com/s/yTB-Ib6A20tZjGCereivhw,http://archive.is/wJc1v,,
307,发绍紫的仁,A. 原文转载,后期骗局,2020-03-11,,https://mp.weixin.qq.com/s/bVWlCSX4af9nRdZ5FluOZg,http://archive.is/53dBs,,
308,发哨子的人（古文版）,B. 古文字/古汉语,陈缃眠,2020-03-11,,https://mp.weixin.qq.com/s/CH5SOOM1tnqlBQJS9qdjSw,http://archive.is/dEzKF,,
309,接力：让哨声不停,A. 原文转载,王育琨频道,2020-03-12,,https://mp.weixin.qq.com/s/fMOV2EI0QGunzP-Pwihn1g,http://archive.is/GtLF9,,
310,人物,A. 原文转载,陆家嘴沙龙,2020-03-12,,https://mp.weixin.qq.com/s/4c4O2CRGvD9jC8VnVFagig,http://archive.is/z9U7W,,
311,《人物》：发哨子的人,A. 原文转载,传语,2020-03-12,,https://mp.weixin.qq.com/s/khrZDvka84nh11nCv1FlxQ,http://archive.is/awAIA,,
312,老子到处说,A. 原文转载,知影,2020-03-11,,https://mp.weixin.qq.com/s/15eamni804q_heaioQ7AMQ,http://archive.is/aGPZj,,
313,人的子哨发：《物人》,A. 原文转载,万物由原子组成,2020-03-12,,https://mp.weixin.qq.com/s/D_b-Gu7X1iSvg9ExhwVX8A,http://archive.is/XSaMD,,
314,FSR,J. 变换版式,SLNCD,2020-03-12,,https://mp.weixin.qq.com/s/OzWAhBUpioIVl8eYQ55OfQ,http://archive.is/msQbi,,
315,武汉发哨人艾芬（原文转发）,A. 原文转载,我是不必关注,2020-03-12,,https://mp.weixin.qq.com/s/_7MXAVdiW-cClfxcw_uauw,http://archive.is/knv9U,,
316,《发哨子的人》完整版,A. 原文转载,丁启明,2020-03-12,,https://mp.weixin.qq.com/s/jja_lDcDJwwd4PDODlFJKw,http://archive.ph/RgifM,,
317,速看|发哨子的人简体文字版,A. 原文转载,金天菜经,2020-03-12,,https://mp.weixin.qq.com/s/oVU71pg2v8mmU5gYxQEvBQ,http://archive.ph/Fuh3N,,
318,今天是微信公号诞生以来最荒谬的一天!,A. 原文转载,尖读,2020-03-12,,https://mp.weixin.qq.com/s/p-yIDFimYEoD9Yr7VoRFQA,http://archive.ph/hWhFP,,
319,《发哨子的人》完整原文如下：,A. 原文转载,滨海新区海外置业,2020-03-12,,https://mp.weixin.qq.com/s/Ju1whQKL3HAa4ZVlT8VyBQ,http://archive.ph/8fBve,,
320,艾芬｜那个「发哨子的人」,A. 原文转载,盐汽水,2020-03-12,,https://mp.weixin.qq.com/s/OPq_HSsChm4_3wPK2Tne2A,http://archive.ph/l6VIB,,
321,《发哨子的人》原文,A. 原文转载,造剧,2020-03-12,,https://mp.weixin.qq.com/s/rk0LnIic8qGwOSFLiK9RbA,http://archive.ph/m9AJi,,
322,怒火吹又生：《发哨子的人》全文,A. 原文转载,剑客之剑,2020-03-12,,https://mp.weixin.qq.com/s/OBiOKds7ATVggnSLfnQ_Rg,http://archive.ph/S2TcO,,
323,当硝烟开始沉降,O. 评论及其他,月上野兔,2020-03-10,,https://mp.weixin.qq.com/s/RgVjoI4BkPZiehp4ntI0Mw,http://archive.ph/iGdCa,,
324,刷屏的人物专访，以及背后的《人物》杂志女记者和女主编,O. 评论及其他,编者按,2020-03-12,,https://mp.weixin.qq.com/s/w7CBgqZ-8BZER6ORLPCIfg,http://archive.ph/vuSOQ,,
325,禁止鸣哨,A. 原文转载,赵李广,2020-03-12,,https://mp.weixin.qq.com/s/UYxKLoUtmgIqTfDJrXJWAQ,http://archive.ph/gJnop,,
326,接力转，莫让她的哨声消逝,A. 原文转载,国文锋语,2020-03-12,,https://mp.weixin.qq.com/s/70EdSmreE_WcmnTaXKLGxA,http://archive.ph/GmHNL,,
327,发ShaoZi的人！,A. 原文转载,Bentty李清,2020-03-12,,https://mp.weixin.qq.com/s/pvr62ZuNHZ2YgqFnzZGIEw,http://archive.ph/HpmOs,,
328,永不消逝的哨声：删传意欲，封越同添,A. 原文转载,立铺文娱,2020-03-12,,https://mp.weixin.qq.com/s/02ZJWoVxILyqs7BWts28rw,http://archive.ph/mZlsz,,
329,发哨、子的人｜人物被删文,A. 原文转载,窈窕小怪兽,2020-03-12,,https://mp.weixin.qq.com/s/Jhh5tHd6sN4k4BYS-7VFbg,http://archive.ph/zN0Ff,,
330,被删无数次的-发哨子的人-艾芬,A. 原文转载,東京駅,2020-03-12,,https://mp.weixin.qq.com/s/29xfCnKqcCLx2afUJvYUTA,http://archive.ph/n10tg,,
331,艾医生,A. 原文转载,陆家嘴共享图书馆,2020-03-12,,https://mp.weixin.qq.com/s/zKB4ksPwRt_VgV5WByRwxA,http://archive.ph/iMAoQ,,
332,周健｜为什么就不能给孩子一个说法,A. 原文转载,周健野谈,2020-03-12,,https://mp.weixin.qq.com/s/HeGMayPhgDLEuyIxvDVqdA,http://archive.ph/IpUOc,,
333,《发哨子的人》原版全文,A. 原文转载,正午传真,2020-03-12,,https://mp.weixin.qq.com/s/CO3po4ZomZgvIwf3A8-eJg,http://archive.ph/JszOT,,
334,《发哨子的人》English/Deutsch/Chinese,D. 其他语言,圣经_每日一句,2020-03-12,,https://mp.weixin.qq.com/s/zAcOn6gFtNqjojidUjLXfg,http://archive.ph/BRdFG,,
335,一只哨子，旷古奇篇,D. 其他语言,凭海观潮A,2020-03-12,,https://mp.weixin.qq.com/s/B0vjxdIDkgX_3eTU84cPjA,http://archive.ph/PIxS3,,
336,勿忘，发哨子的人（未删本）,A. 原文转载,长庚医管研究,2020-03-12,,https://mp.weixin.qq.com/s/ZGypQzvPwFDR2buzyp92gw,http://archive.ph/ejdhI,,
337,听说每个人都有哨子。,A. 原文转载,婧婧计较,2020-03-12,,https://mp.weixin.qq.com/s/gQRKAp6brTNt27JMarUgyw,http://archive.ph/H7bJQ,,
338,勿忘，新冠吹哨第一人,D. 其他语言,临床职业经理人,2020-03-12,,https://mp.weixin.qq.com/s/mJmNZO8nIQB3nGTtJWoQAQ,http://archive.ph/jwwlb,,
339,准备被404——发哨人艾芬,A. 原文转载,沙滩风语,2020-03-12,,https://mp.weixin.qq.com/s/v5nNEF9htB7UV_uGS1jg8w,http://archive.ph/UVQWw,,
340,发哨人艾芬,A. 原文转载,诗泽园,2020-03-12,,https://mp.weixin.qq.com/s/JN09XU1QLAvZJUYL_EiRwg,http://archive.ph/Z89ZZ,,
341,万人击鼓，千家注哨,N. 合集,方待夜半听君语,2020-03-11,,https://mp.weixin.qq.com/s/O-dfhqpiBTuASVVpwtrQ3w,http://archive.ph/ByuBk,,
342,诗酒此生245期哨遍,O. 评论及其他,诗酒此生,2020-03-12,,https://mp.weixin.qq.com/s/mbyzNhChgV2buKHGSnsHxw,http://archive.ph/1bO0G,,
343,《人物》：发子哨的人,I. 图片,外星人的小窝,2020-03-11,,https://mp.weixin.qq.com/s/ibhyFgozeFC9KYZCb3UbKw,http://archive.ph/C2mt0,,
344,发哨人艾芬列传,O. 评论及其他,聂作平的黑纸白字,2020-03-11,,https://mp.weixin.qq.com/s/uMkQBRjT_2XzoSp_Vf_W0A,http://archive.ph/2FGTm,,
345,“发哨人”一文为何能复活,O. 评论及其他,多维面面观,2020-03-11,,https://mp.weixin.qq.com/s/aIhMLiawnnsWWZw0hsySqQ,http://archive.ph/qNJuN,,
346,沙光丨声哨的初最护守,O. 评论及其他,作家沙光,2020-03-11,,https://mp.weixin.qq.com/s/f0j8PhILiYnMhRrnx6OYZw,http://archive.ph/Qq3T9,,
347,《发哨》（楚简版）,O. 评论及其他,北京元学文化院,2020-03-11,,https://mp.weixin.qq.com/s/gPpocG_i3trWdm-VsJJhVw,http://archive.ph/f4ojv,,
348,《发哨》成为多语种新闻作品,O. 评论及其他,北京元学文化院,2020-03-11,,https://mp.weixin.qq.com/s/j6IqrU1hdo5FDDwJnFJdwg,http://archive.ph/9YjYd,,
349,十一说庚子年第一事——围绕《发哨人》的“斗法记”,O. 评论及其他,聆听翅膀的声音540414,2020-03-12,,http://blog.sina.com.cn/s/blog_5d2277f60102ytu5.html,http://archive.ph/YcjMe,,
350,被删的背后,O. 评论及其他,多肽链,2020-03-12,,https://mp.weixin.qq.com/s/9dF1b6k2galeKj-h0Y-P4Q,http://archive.ph/a0YYU,,
351,“发哨子的人”108种演绎法,N. 合集,Python之禅,2020-03-11,,https://mp.weixin.qq.com/s/J8ho108tuadHw7wKTjubow,http://archive.ph/ijB3L,,
352,发哨子的人,A. 原文转载,人民网强国论坛,2020-03-12,Deleted,http://bbs1.people.com.cn/post/2/1/2/175108055.html,http://archive.ph/ULBFN,,
353,发哨子的女人,O. 评论及其他,淮源小月,2020-03-11,,http://blog.sina.com.cn/s/blog_62f338c30102z7az.html,http://archive.ph/oe5At,,
354,《发哨人》打印扫描版,G. 艺术,七月诗社,2020-03-11,,https://mp.weixin.qq.com/s/secgfUIolaMJF68Rjl5H2g,http://archive.ph/dvKpb,,
355,知恩图报「发哨的人」,A. 原文转载,来此说,2020-03-10,,https://mp.weixin.qq.com/s/UuysVrAyyNP7r8oMmzMrZA,http://archive.ph/2MpdT,,
356,欥芣姠的哨孑,O. 评论及其他,王燎原,2020-03-11,,https://mp.weixin.qq.com/s/_5Y2ZZiJWDc7LlW_6_F0pg,http://archive.ph/y4hzE,,
357,人民抱住了想象力，一场注定404的接哨运动,N. 合集,kitschbox,2020-03-11,,https://mp.weixin.qq.com/s/LlIZIrLMH5hK3ttaY-Jysw,http://archive.ph/PE0WR,,
358,武汉发哨人,A. 原文转载,高校辅导员行政岗招聘,2020-03-12,,https://mp.weixin.qq.com/s/HBgvmvVS0Fk4eoq5ii8b0Q,http://archive.ph/EVFLz,,
359,湖北日报表扬“发哨人”艾芬！,O. 评论及其他,逆言流沙,2020-03-12,,https://mp.weixin.qq.com/s/B-af-qEuiWnIuBI7UaaO8A,http://archive.ph/9Mjeo,,
360,“发哨人”一文为何能复活,O. 评论及其他,墙外哔哔,2020-03-11,,https://mp.weixin.qq.com/s/cTXghmXSi4_fn-I_17Ga8w,http://archive.ph/AsiEr,,
361,新龙门客栈之哨遍江湖,O. 评论及其他,暗黑忍法帖,2020-03-12,,https://mp.weixin.qq.com/s/XMeljOHeWmDqRPxY0QxiAA,http://archive.ph/QoWTc,,
362,哨遍（檃栝体）,O. 评论及其他,稽古堂,2020-03-12,,https://mp.weixin.qq.com/s/mTVOrqL-1-0LPzYfxQUV4A,http://archive.ph/sQWve,,
363,其实，微信没有封哨权,O. 评论及其他,我就BB怎么了,2020-03-12,,https://mp.weixin.qq.com/s/oexUOk63cRMm_AIY8hPYWg,http://archive.ph/5iV7g,,
364,哨！2020年度汉字火热出炉！,O. 评论及其他,大观日知录,2020-03-12,,https://mp.weixin.qq.com/s/WxZrIpVBqb7h9We6NWYkWg,http://archive.ph/OEsW7,,
365,传哨,O. 评论及其他,犴达罕映像,2020-03-11,,https://mp.weixin.qq.com/s/e3DUrbKMXyEKeuqYJ12pSg,http://archive.ph/CSsK8,,
366,【发哨人】她的哨声，为何我们听不到,A. 原文转载,金润达克,2020-03-11,,https://mp.weixin.qq.com/s/hcx4viSuPQWxmMncNZiTuA,http://archive.ph/r87zQ,,
367,阿Q：连“哨”都讳了,D. 其他语言,斯文在兹,2020-03-12,,https://mp.weixin.qq.com/s/KNPEq6FZpKYlYSexaqXy3A,http://archive.ph/G26NU,,
368,发哨人找到了，就是她,O. 评论及其他,遇见你读首诗,2020-03-10,,https://mp.weixin.qq.com/s/TyyWNkWVDGx6_N77AhhTRA,http://archive.ph/6Grdg,,
369,哨子/kinosei,O. 评论及其他,分行器,2020-03-11,,https://mp.weixin.qq.com/s/HzVW5zuOD2JLUSeeS0zLlA,http://archive.ph/UUq1h,,
370,哨片制作艺术化,O. 评论及其他,让流言飞一伙儿,2020-03-12,,https://mp.weixin.qq.com/s/4WhqUH176__-jNXGI-IqVw,http://archive.ph/Y4433,,
371,是非颠倒，击鼓传哨！,J. 变换版式,收租大爷,2020-03-11,,https://mp.weixin.qq.com/s/adSHXUWYCRzl905ehjnRgg,http://archive.ph/T11hj,,
372,哨子《新国语》版||召公谏厉王弭哨,O. 评论及其他,半侧山,2020-03-12,,https://mp.weixin.qq.com/s/_3pXJnw1zP-qkKPzk7H8sw,http://archive.ph/If05k,,
373,再404，全世界人都知道艾芬了,O. 评论及其他,谈鸡大胸,2020-03-11,,,http://archive.ph/sS8JE,,
374,魔幻在人间发哨,O. 评论及其他,谈鸡大胸,2020-03-12,,https://mp.weixin.qq.com/s/p8Inp-RrPm4KaMosuGoMdw,http://archive.ph/H7xhH,,
375,哨（天书版）,A. 原文转载,额的个神,2020-03-12,,https://mp.weixin.qq.com/s/I1GNGxFf6MhN55cn1T69hQ,http://archive.ph/wlw5I,,
376,《发哨子的人》中英德三语言版本完整全文,D. 其他语言,数据猿,2020-03-12,,https://mp.weixin.qq.com/s/432ZYBlXUiBCaA-22NmBTQ,http://archive.ph/xob6p,,
377,【琴风诗歌】汉字的逃亡,O. 评论及其他,伟美书法,2020-03-12,,https://mp.weixin.qq.com/s/4z2-TS9qIccHIrvTGbi6vA,http://archive.vn/WfV3C,,
378,《她的哨声》漫画版本,G. 艺术,一条美学,2020-03-12,,https://mp.weixin.qq.com/s/xUh0gntLctAjCR7nXED_4A,http://archive.vn/kxSnV,,
379,[接力] 晋西鸣哨调,G. 艺术,陈仓暗度,2020-03-12,,https://mp.weixin.qq.com/s/FBpLi_RRmo_DR2B5PFTu7g,http://archive.vn/lAxoC,,
380,发叫叫儿滴人,N. 合集,字迹清晰的虹儿,2020-03-11,,https://mp.weixin.qq.com/s/ACUM8VfIPwkwe8EbWiCSdA,http://archive.vn/C03v3,,
381,我们还可以这样记录历史,N. 合集,史客儿,2020-03-12,,https://mp.weixin.qq.com/s/U2-ttIuHWdYQhPrYF4GkIQ,http://archive.vn/0Of2b,,
382,《发哨子的人》的新闻价值,O. 评论及其他,云都付与明年,2020-03-13,,https://mp.weixin.qq.com/s/Cbplu7lXZ8Dhweu2j5crnA,http://archive.vn/qrArx,,
383,发 叫 居 滴 人,O. 评论及其他,女巫的杂货铺,2020-03-12,,https://mp.weixin.qq.com/s/KtdJwX78SCC7X6HP8OUPfg,http://archive.vn/wip/9Tt34,,
384,哨声飘荡的日子,O. 评论及其他,说今古,2020-03-12,,https://mp.weixin.qq.com/s/NYpYiN8Nfa-c7CAuBx8-lw,http://archive.vn/DgfEd,,
385,3月11日：汉语的自由书写日,O. 评论及其他,未来虚托邦,2020-03-12,,https://mp.weixin.qq.com/s/taQmpCxy8oNIDXjqebzAcg,http://archive.vn/wip/P4UQT,,
386,仓颉造字，夜鬼哭。,O. 评论及其他,忘言录,2020-03-12,,https://mp.weixin.qq.com/s/A00wRY4MdV0cRuVMECPS-Q,https://archive.li/wip/m0Sk6,,
387,“老子要到处说”的政治隐喻,O. 评论及其他,湖苇艺术,2020-03-12,,https://mp.weixin.qq.com/s/3WVljUUxpi0ACjUfgFFr6g,https://archive.li/wip/d376Q,,
388,在符号狂欢中忘了巴别塔？,O. 评论及其他,徐行来,2020-03-12,,https://mp.weixin.qq.com/s/OdCSEFk1c0dRNBaqFgiXYA,http://archive.vn/f7GE8,,
389,华氏度,O. 评论及其他,庄园之一,2020-03-13,,https://mp.weixin.qq.com/s/V5McOPpmEHNOiYq4t0asMg,http://archive.vn/4lGs9,,
390,日记 | 昨天，就是这篇文章《发哨子的人》让微信炸了锅,A. 原文转载,最周刊,2020-03-12,,https://mp.weixin.qq.com/s/qDKP9oPMss-z7RyqCyp1oQ,http://archive.vn/wip/5oltQ,,
391,[朗读版]发哨子的人,H. 语音,麦芽酶,2020-03-13,,https://mp.weixin.qq.com/s/5P-ODJXeiMm8wvyVcz4JFg,http://archive.vn/wip/B1zTH,,
392,微信最荒唐的一天 只是剛剛開始,N. 合集,艺术需要自由,2020-03-13,,https://mp.weixin.qq.com/s/rPEAULW3MI4FfkvBIxrkEg,http://archive.vn/wip/qZvD3,,
393,说真话，就是我们艾这个世界的本芬,O. 评论及其他,红墙又评论,2020-03-12,,https://mp.weixin.qq.com/s/lol4MFq4zx1XB6NRhxmJIw,https://archive.li/wip/pD7y0,,
394,404的哨音，响彻云霄,O. 评论及其他,子曰电影,2020-03-12,,https://baijiahao.baidu.com/s?id=1660916725220731560,https://archive.li/wip/Spq0r,,
395,404的政治美学,O. 评论及其他,异梦录,2020-03-10,,https://mp.weixin.qq.com/s/cQEpy_mqgpo0Yg03DK4j8w,https://archive.li/wip/4CD4p,,
396,404闪亮登场,O. 评论及其他,就在窗外,2020-03-10,,https://mp.weixin.qq.com/s/GEZgJPQLvn2xN0NoETI3Hw,http://archive.vn/wip/01GHf,,
397,404合集,O. 评论及其他,莫名其妙情感研究所,2020-03-10,,https://mp.weixin.qq.com/s/XNfKBxS7v3r0mOOT-xwEEw,http://archive.vn/P9RIk,,
398,404&100000+,O. 评论及其他,尹宗元,2020-03-12,,https://mp.weixin.qq.com/s/4qT_tSB4z7Yq5SQbmSjxcA,http://archive.vn/wip/O7cHD,,
399,404,O. 评论及其他,新人类观察研究所,2020-03-11,,https://mp.weixin.qq.com/s/2RkdQ4NjQNPSqCyRuz8UWQ,http://archive.vn/wip/AEqly,,
400,“我的文章怎么又双叒被404了?”,O. 评论及其他,村一,2020-03-12,,https://mp.weixin.qq.com/s/CYpA-h_8ZTMIOgrV28HCeA,http://archive.vn/wip/do81W,,
401,删海钩沉——近期被404的文章，每一篇都值得留存！,O. 评论及其他,雪夜斋,2020-03-12,,https://mp.weixin.qq.com/s/J3xbJ8VB2aSG0OHS_oXYqQ,http://archive.vn/wip/EO4ok,,
402,阅后即焚！发哨人为什么被删？看完​这些海报你就明白了,O. 评论及其他,大卫工作室app,2020-03-12,,https://mp.weixin.qq.com/s/Np8iHQadmq2GtfNu6zKZXg,http://archive.vn/MRDpw,,
403,《发哨子的人》：四〇四打赢了每一场战役 但输掉了整个战争,O. 评论及其他,财经杂感,2020-03-12,,https://mp.weixin.qq.com/s/iSUIAr49MnKrnpUI19QORA,http://archive.vn/dxCPz,,
404,《发哨子的人》后续,O. 评论及其他,第100天,2020-03-12,,https://mp.weixin.qq.com/s/5fyP-BPOMjRUcRYy_9yH1A,http://archive.vn/cDrCv,,
405,一个被404的哨子,O. 评论及其他,赵巍巍,2020-03-11,,https://mp.weixin.qq.com/s/0e1rDp0_gi6RCORDqX7OXg,http://archive.vn/Djq2y,,
406,或许是人类与AI之间的首次对抗,O. 评论及其他,谈谈何妨,2020-03-11,,https://mp.weixin.qq.com/s/xxEcVJfCzcFJVUIqyP9qqA,http://archive.vn/GhaNU,,
407,愚蠢的404,O. 评论及其他,金小石的油盐酱醋,2020-03-12,,https://mp.weixin.qq.com/s/TinMcRkg44ARM1yMMB06Uw,http://archive.vn/wip/B6wK8,,
408,哨子文‖集体沉默后的一次小型抗议,O. 评论及其他,诽谤法,2020-03-12,,https://mp.weixin.qq.com/s/2HStuENOpbBndkeNPV4Pcg,http://archive.vn/y61wG,,
409,如果权力扼住了咽喉，我们就无法听见哨声,O. 评论及其他,法律生物,2020-03-12,,https://mp.weixin.qq.com/s/i9bOHgAgb2PISw1F9uXeTg,http://archive.vn/uDEpy,,
410,这场起于「瞒与骗」的灾难，他们希望终于「删与哑」。,O. 评论及其他," 评评灌灌",2020-03-11,,https://mp.weixin.qq.com/s/uNaa88KM4m1rsbMKElJQqA,http://archive.vn/hOZcS,,
411,时间过去了很久，足够遗忘了。,O. 评论及其他," 一只可爱蛋挞",2020-03-13,,https://mp.weixin.qq.com/s/MVjlmWyHZKMm3hwh4-YXXA,http://archive.vn/HsjCe,,
412,50个不同版本：就是那消息/对旧格局的抗争与对人民共和的尊敬,N. 合集,柒月刘火,2020-03-12,,https://mp.weixin.qq.com/s/qiJRrDkuamWadXTZTKCzmw,https://archive.li/wip/PuSDq,,
413,删帖运动｜一场大型自我审视活动,O. 评论及其他," 三十边",2020-03-12,,https://mp.weixin.qq.com/s/fn9aYOfHB52xLvNDGIaRHQ,https://archive.li/wip/ZRXOa,,
414,删帖删不尽，春风吹又生,O. 评论及其他," 红书房",2020-03-12,,https://mp.weixin.qq.com/s/qhok7th8gIAeKyBhb7PITQ,https://archive.li/wip/GuBsY,,
415,明知会被删除还要转发，悲伤已经隐隐地化为悲愤,O. 评论及其他," 鹿有角",2020-03-10,,https://mp.weixin.qq.com/s/ch8t-h6wL58uqqBHoX_5vw,https://archive.li/wip/xxReI,,
416,混沌识务所 | 那些不甘心沉默的大多数,O. 评论及其他,混沌识务所,2020-03-12,,https://mp.weixin.qq.com/s/MBI1EvDTAcaKyVSkdrdd5A,https://archive.li/wip/28qDS,,
417,这次的记录与发声，动用了区块链、代码、乐谱、希伯来语……,O. 评论及其他,每日箴言,2020-03-12,,https://mp.weixin.qq.com/s/WfpS-Uh7YZRAnpnS3Q-vPw,https://archive.li/wip/hJGNA,,
418,容不下真话的国度，一场瘟疫就照出原型。,O. 评论及其他,紫竹丶张先生,2020-03-13,,https://mp.weixin.qq.com/s/H9TT_sRykJsYzwD-qjvvCQ,https://archive.li/wip/4jzsc,,
419,吹喇叭的人,N. 合集,老梁胡说,2020-03-12,,https://mp.weixin.qq.com/s/Kb6PkNTspPUMCjkchvKwTQ,https://archive.li/wip/zacU1,,
420,当「哨」只成为一个符号。那些李文亮们，永在我心，熠熠生辉！,O. 评论及其他,一遭,2020-03-11,,https://mp.weixin.qq.com/s/J0nL9KrCN1A2JsQsR3I5ng,https://archive.li/wip/1CNh6,,
421,嘴巴都被捂住了，还怎么沟通？,O. 评论及其他," 透漏点消息",2020-03-13,,https://mp.weixin.qq.com/s/OvQHl-Vs7UOz30PrZ9ryHg,https://archive.li/wip/OcFWI,,
422,有一种精神叫正义,O. 评论及其他,闲言碎语话江湖,2020-03-10,,https://mp.weixin.qq.com/s/tL9HiJbbsaByStQHjceAYg,https://archive.li/wip/3poe8,,
423,删得掉帖子，删不掉真相,O. 评论及其他," 明律如是说",2020-03-13,,https://mp.weixin.qq.com/s/swJTBLYv-uw3Cm_xH8ccyQ,http://archive.vn/koHuA,,
424,谈什么自由，稳定压倒一切,O. 评论及其他," 超然有声",2020-03-12,,https://mp.weixin.qq.com/s/mhyRUA1X8liWb-1epp1nMg,http://archive.vn/VN15V,,
425,2020年3月11日，终将被历史铭记,O. 评论及其他," 李逵的板斧",2020-03-12,,https://mp.weixin.qq.com/s/5Dzy-oEW-ackdpXLEm0rNA,http://archive.vn/wip/ULm5e,,
426,哨นกหวีด__漫画版,G. 艺术,诗天府,2020-03-12,,https://mp.weixin.qq.com/s/0BlFC-f4LL2X0dhOVwlX5Q,http://archive.ph/wip/CWPt9,,
427,发哨者言,O. 评论及其他,平生客,2020-03-12,,https://mp.weixin.qq.com/s/kguxxUgptM-GEp0EaGUxcg,http://archive.ph/wip/F4Owe,,
428,删传（山川）异域，封阅（风月）同天——致一篇删成了《圣经》的文章（共80版）,O. 评论及其他,对雨,2020-03-13,,https://mp.weixin.qq.com/s/0xLFFY9dXYbE7SiqTQKXaA,http://archive.ph/wip/H98xC,,
429,删帖与封号,O. 评论及其他,故问社,2020-03-13,,https://mp.weixin.qq.com/s/kPB2a2Mox_WZCyvL5ufN4A,http://archive.ph/wip/xqNmk,,
430,【视频】一次“集体有意识”,O. 评论及其他,道貌岸然明之刘,2020-03-12,,https://mp.weixin.qq.com/s/jwZfHzG_tqTHRznqWHqJfw,http://archive.ph/wip/NnrA5,,
431,昨天，汉字被抛弃了,O. 评论及其他,虹野,2020-03-12,,https://mp.weixin.qq.com/s/ZC2QAwqxyh-RkH9yu1eqiQ,http://archive.ph/wip/l7Lvq,,
432,治未病的故事三则,O. 评论及其他,大河高山,2020-03-13,,https://mp.weixin.qq.com/s/ZGB-vwJBEUiTI6rYMkLhqQ,http://archive.ph/wip/gBJnB,,
433,吹哨人与硬核,O. 评论及其他,语言茶座,2020-03-12,,https://mp.weixin.qq.com/s/u5fZ76PCIkgGBaNifzJ3cw,http://archive.ph/wip/MDvEK,,
434,吹哨人三体版：低熵体的逆袭,O. 评论及其他,会飞的王动,2020-03-13,,https://mp.weixin.qq.com/s/l1u30DG-ZtH4qMj-q8KRcg,http://archive.ph/wip/yMbrn,,
435,料峭春风吹酒醒 | 附：《吹哨子》漫画版,O. 评论及其他,悦读者时间,2020-03-13,,https://mp.weixin.qq.com/s/qE4ZuMhjxn42l9sYlL7Eiw,http://archive.ph/wip/50RZW,,
436,发哨人引爆舆情,O. 评论及其他,周旦评,2020-03-13,,https://mp.weixin.qq.com/s/Zb3dsHamvhlGsZjPQeZ9lQ,http://archive.ph/wip/rtymw,,
437,璧競齋「每日一訓詁」- “哨”（庚子己卯癸丑）,O. 评论及其他,璧競齋,2020-03-12,,https://mp.weixin.qq.com/s/cUhIjxc2VALU-iTmfVbq3w,http://archive.ph/wip/olzkr,,
438,【玩物记】小小一只哨，吹响数千年,O. 评论及其他,W星,2020-03-12,,https://mp.weixin.qq.com/s/h8Bhsxm62m9vyECGuJDGSg,http://archive.ph/wip/7mf4Z,,
439,新上货一批*哨*子！,G. 艺术,柒张纸,2020-03-11,,https://mp.weixin.qq.com/s/fVeYv3j0lJ_6mN1jFWZSPQ,http://archive.ph/wip/lwjmI,,
440,发哨人序诗,O. 评论及其他,古诗代工厂,2020-03-11,,https://mp.weixin.qq.com/s/09Z-OfVyRUlhgdgdAaw5ww,http://archive.ph/wip/MciML,,
441,品词认字：但「哨」遍、长歌归去。,O. 评论及其他,乐府之妃豨谁和,2020-03-11,,https://mp.weixin.qq.com/s/P8f7vp0FSwf37WgDNVh-RQ,http://archive.ph/wip/dUXdv,,
442,由【哨】而起的一轮语言行为艺术,O. 评论及其他,矮嘴,2020-03-11,,https://mp.weixin.qq.com/s/4DD9D_VBQvZujkIoviSSEg,http://archive.ph/wip/4eg2U,,
443,2020年度十大汉字 “哨”字应该拥有姓名,O. 评论及其他,走马看世界,2020-03-12,,https://mp.weixin.qq.com/s/A3IFjjfK6eIE9lWZcHfX3A,http://archive.ph/wip/dWIGB,,
444,得风难·空中哨响到孤蓬-文天祥,O. 评论及其他,餐桌与远方,2020-03-13,,https://mp.weixin.qq.com/s/iWUlyNy26G9O3_WfBbQdYA,http://archive.ph/wip/g4HIG,,
445,发哨人发出一把治病的手术刀，删帖却删出世界第九大奇迹,O. 评论及其他,孤岛戏精,2020-03-12,,https://mp.weixin.qq.com/s/l8lA3AO1YJ_2qYNEWK2wFg,http://archive.ph/wip/WEGmN,,
446,全网108种接力“哨”，今天我想我们需要思考！,N. 合集,文学艺术苑,2020-03-12,,https://mp.weixin.qq.com/s/35opEOMiuIk1vNj5XbN4zA,http://archive.ph/wip/MX0cc,,
447,发哨人：引发史上最大网络“删与发”攻防战||王刃,O. 评论及其他,第一群英,2020-03-12,,https://mp.weixin.qq.com/s/YGhO5O2ZUsGeiPl1k1y7Pw,http://archive.ph/wip/CeE0U,,
448,也 说 说 删 “哨”,O. 评论及其他,沪上黔公,2020-03-13,,https://mp.weixin.qq.com/s/A41W_DVCP1m4ZwoypXJknA,http://archive.ph/wip/P5Zeh,,
449,有关发哨人艾芬，《人物》的文章被删，《湖北日报》的报道却安然无恙,O. 评论及其他,人民的光荣,2020-03-13,,https://mp.weixin.qq.com/s/VuOZFzLelbN2-11PtxHjWw,http://archive.ph/wip/Q8EeY,,
450,「发哨人」的52个版本，是一场勇气的众筹,O. 评论及其他,拙见,2020-03-12,,https://mp.weixin.qq.com/s/MYPDuiXiGzhE0Ki2tzDe0w,http://archive.ph/wip/sffLX,,
451,千家注哨 || 文艺复兴,O. 评论及其他,半侧山,2020-03-11,,https://mp.weixin.qq.com/s/-IL1Bokh0QwpJKYBWXPDcA,http://archive.ph/wip/TXUcH,,
452,盘点全网各版本“接力哨”，用一万种方法打败“阅后即焚”,N. 合集,欧神的日常,2020-03-11,,https://mp.weixin.qq.com/s/nG3jGhVZXv_YjQ_73D2d4Q,http://archive.ph/wip/N880w,,
453,被哨吹坏的诗,O. 评论及其他,阅藏山房,2020-03-11,,https://mp.weixin.qq.com/s/d0VYdQZ3g3G5BruiKh2KoA,http://archive.ph/wip/VKu9J,,
454,原创 I “发哨人”事件中人工与智能大战的技术解析,O. 评论及其他,新文科,2020-03-12,,https://mp.weixin.qq.com/s/hUnrg5QduMIFK_ybP9VWUg,http://archive.ph/wip/GBjNv,,
455,接力哨 | 下翻版,F. 编码,醒醒醒醒,2020-03-11,,https://mp.weixin.qq.com/s/szjPDXYwXKrfpzxLR4UzxA,http://archive.ph/wip/fCBi6,,
456,接力，梵语版《发哨者》,D. 其他语言,夜空中的独行者,2020-03-11,,https://mp.weixin.qq.com/s/NqPrIBkBtCy4r4nE_SPEyg,http://archive.ph/wip/tbcr7,,
457,哨发的人丨汉字二进制版,F. 编码,迈克说,2020-03-11,,https://mp.weixin.qq.com/s/exLPr6FhqhZmKQBW8yKWwQ,http://archive.ph/wip/I7QGS,,
458,发哨人，粤语白话版,C. 方言,尚康宝,2020-03-12,,https://mp.weixin.qq.com/s/hVoP1hlMjcVMocr5D4Wy1A,http://archive.ph/wip/x5Mre,,
459,奇文共欣赏,N. 合集,尚康宝,2020-03-12,Deleted,https://mp.weixin.qq.com/s/TwU2uBXl_tIJh5fpzUAgDw,,,
460,哨-德语版 （Pfeifen-Deutsch）,D. 其他语言,一颗同情心,2020-03-11,,https://mp.weixin.qq.com/s/qJHdS6cCCHbB_NjzFZ86gg,http://archive.ph/wip/WnILx,,
461,水印版 | 关于哨 子的传说（附原文）,J. 变换版式,李机超,2020-03-12,,https://mp.weixin.qq.com/s/gZDmzqKSGKvcjfwcqwUyHQ,http://archive.ph/wip/umlgr,,
462,力接子哨（长截图版）,I. 图片,学长什么都知道,2020-03-11,,https://mp.weixin.qq.com/s/9XNiqzbzDOXGVqlpi8kcQw,http://archive.ph/wip/LlEvT,,
463,接力哨：视频版,G. 艺术,PR剪辑AE特效C4D建模教程喵,2020-03-12,,https://mp.weixin.qq.com/s/I3b1f7ZcKiUNxeRUm-uGoQ,http://archive.ph/wip/oxz4g,,
464,这是一篇不想让大家广泛传播的文章,G. 艺术,猪头十三,2020-03-11,,https://mp.weixin.qq.com/s/vRV6zt8WkXrI_2aHW0PBMg,http://archive.ph/wip/RiTvH,,
465,发哨人武汉市艾医生（音频版）,H. 语音,风古影清,2020-03-13,,https://mp.weixin.qq.com/s/vfJ48DRTM0PMTDI_6WP_Fg,http://archive.ph/wip/Todw5,,
466,发哨者言（文言文版）,O. 评论及其他,萧楚白,2020-03-11,,https://mp.weixin.qq.com/s/x7-A3LwtnJcrKzAzKMd0Ww,http://archive.ph/wip/VaOt7,,
467,千家注哨之寓言版 || 哨珠,O. 评论及其他,半侧山,2020-03-13,,https://mp.weixin.qq.com/s/xxfbpSSb7_m0K6jQ7vmx2w,http://archive.ph/wip/KrtiP,,
468,哨子《新国语》版 || 召公谏厉王弭哨,O. 评论及其他,半侧山,2020-03-12,,https://mp.weixin.qq.com/s/_3pXJnw1zP-qkKPzk7H8sw,http://archive.ph/If05k,,
469,贵州穿青人民族语言版《哨》,C. 方言,猿鸣,2020-03-11,,https://mp.weixin.qq.com/s/mN_dRjh2tLOfyHO1FqjlYw,http://archive.ph/wip/RJ6nG,,
470,嫂子处方,G. 艺术,日常陈述,2020-03-11,,https://mp.weixin.qq.com/s/Xp1sHwF3n-aDSrTFxVAFug,http://archive.ph/wip/6D5BK,,
471,华姿 | 我的沉默，也是有偿沉默,O. 评论及其他,华姿的诗,2020-03-13,,https://mp.weixin.qq.com/s/ZjgMoHof2-eRRHhiVkzEgw,http://archive.vn/wip/JrgQW,,
472,一遍又一遍 again and again,J. 变换版式,,2020-03-11,,,,,https://raw.githubusercontent.com/WhistleSender/WhistleSender/master/archive/472.pdf
473,Fluiter 荷兰语,D. 其他语言,AnonymousEcho,2020-03-11,,https://mp.weixin.qq.com/s/3FvHoBO6qW5feCmcaeZong,http://archive.ph/5k95v,,
474,那就彻底阅读不可以又如何,D. 其他语言,公共还行,2020-03-11,,https://mp.weixin.qq.com/s/LYaXJoPfA-RPCpB8cuQWwg,http://archive.ph/HlWPy,,
475,哨子笑话,O. 评论及其他,章北海的自然选择,2020-03-13,,https://mp.weixin.qq.com/s/9Q7kcH7HeXBmjlYxjCOYyg,http://archive.ph/VvEzq,,